cookie_id,score
ck_99a4e5ef02d89493,0.02332043156741892
ck_54d463f7fd89ec3d,0.03804968670504487
ck_0fbbc7a6af300368,0.008242087030091518
ck_8fd4937eadd64fb6,0.008307602651203439
ck_dbb4bd4eda97255d,0.03859530959000002
ck_6e67225ba59fa5ae,0.03983974915875238
ck_94b59bbc824b307a,0.003032539827781456
ck_b87e88ee5512ea17,0.007923950986345825
ck_36789ca11459131e,0.045614726602867785
ck_4364a83a11743888,0.006604980655605731
ck_cf59f4fc0ea690b2,0.010299136259091617
ck_bfdd232a7c5f2660,0.03305187842628041
ck_84092e23d5ef4d51,0.031234534532774597
ck_c2925c50ebacbdba,0.008700316083945666
ck_66c9a19963957531,0.04298436422132228
ck_d637a011332ba67a,0.019969145183429005
ck_1bd753a4681946c8,0.8487789509380141
ck_c30c5844512e429f,0.03921674880509018
ck_396cea6f95186ad2,0.020289529968411033
ck_64a02b7b96149810,0.002346623069078023
ck_b1ed2278f5f14d82,0.04363782337901923
ck_b153386f1729de81,0.006626328361356543
ck_601edf9105b3c321,0.9826075582346288
ck_d3a8333cb389f4c6,0.02238916787261655
ck_3c17841636f6f7dc,0.0142135429989981
ck_333544d173524f70,0.08722074101430499
ck_87c1d0a79e79c84b,0.021862148182596033
ck_585ababa02383b50,0.0059554182619734955
ck_3e0149cdee4cb294,0.025700711536299062
ck_b864f64101149c35,0.8254775140755697
ck_5b2728f7cca414ae,0.0017012968309243828
ck_cd7d24e3b095e96e,0.05740768952905814
ck_f3dc0725621b3a35,0.004369500655017617
ck_9eb08369e983abfa,0.0016750191307648298
ck_7836bf6def26aa87,0.03356673565347196
ck_fd4582e3853ef23f,0.010712366113786207
ck_2cdad03ed069438c,0.02093580019880925
ck_614d936cef98db04,0.010042804843781014
ck_ecc18f40b33be769,0.11218413502571982
ck_a93560aa348d6225,0.025322057767674204
ck_90f3655f0c8a0074,0.002138094262758541
ck_a045a19369016818,0.9966031913849736
ck_69ab9d4784eb77bd,0.023874783950166362
ck_61129937ee466b49,0.026768777746174977
ck_74112e47b8629c2a,0.05909412443783136
ck_d841eba8906e9a15,0.007975302674126331
ck_78aa4b731cbfe251,0.01784798338980933
ck_25394c1b83e0b803,0.05132727992964812
ck_16c501470d9bb006,0.003431850498162624
ck_69ff1b0aa143a168,0.0025295390393683228
ck_6d64190623dea714,0.0060315523224213465
ck_5d7721930106dce8,0.013196792095138195
ck_466d4b5366c50b98,0.0037743861391273687
ck_641c8e7694b21f3b,0.017179924760632855
ck_66779098e78c1760,0.007043097985090096
ck_ed8f1200fc049c40,0.884610773424959
ck_55f2ef0de3420e3e,0.01764613712196602
ck_968a99e097ee78c9,0.06898444350008964
ck_a98848eec6c9581e,0.05029505718954471
ck_7eaad325abe3b50c,0.00300770934204065
ck_834ca727df855f07,0.03844069404536028
ck_6b1ab0742ff04c3e,0.09190712889501422
ck_fcc2059a8d5c41fa,0.14456213127431278
ck_a96887f841e80fc1,0.027079702525021235
ck_718865237134ebe8,0.019590015348192668
ck_5df85a8924e11f27,0.06745077514223867
ck_958c0bd61820147f,0.01934516077375306
ck_b4331140b2e0d4aa,0.011278014767360798
ck_8153cdadd300d234,0.0033611220745385817
ck_d4c1da5a1427fd6a,0.08121826434726571
ck_ac32c6e374782b27,0.03291663370500622
ck_465cb8ce232c7670,0.015639759596219525
ck_022a8ae79eb28cf6,0.9864634127989198
ck_7a7f3c4fe0c9d2ca,0.008339553295064264
ck_4802a0a7a1882c88,0.22894249739019334
ck_8b5b5a6b5539e39b,0.9567633082459155
ck_9693b1eb70880205,0.006239894894539525
ck_59a164c40c03a45f,0.041685582559337866
ck_154c8efb19dee665,0.007796830617347135
ck_149662b09d632e41,0.018048612629777364
ck_ddaf228487858bb8,0.07917972387487632
ck_76c23726cd7ca947,0.016625187660235213
ck_32eba3510c8eac5e,0.0153514157159071
ck_41dd44308e6a665a,0.10103621802337465
ck_efbdcd9c181e72ca,0.011033924292087579
ck_771247b5bc16c12a,0.007325893881931944
ck_692a9e8f504b9762,0.001556628106142264
ck_ceb017baa26e98c8,0.031600236951834795
ck_908b663b2dda94ad,0.0730545959666631
ck_29da59ea3bffb9d8,0.06105100440073612
ck_2795921a055643f6,0.01208369349940197
ck_fec888a7108ca52d,0.9890810953945322
ck_37dab6a0a536ed49,0.07250514303620104
ck_2c1def5c91c52a5b,0.5890030175767813
ck_0cb9f54928f4feee,0.019884515184365195
ck_677e1d0c14cbf569,0.002627113943303642
ck_192fdad892782daf,0.10319560891769186
ck_e5e2624b7fc89774,0.04693365298209752
ck_5138f6c575dec64c,0.0169498827209468
ck_5f4a25ffd0b85a47,0.025092222192535877
ck_aebb42afe430e2e9,0.004489839991002323
ck_44e9a18a8645c9d3,0.008069291766030749
ck_79ba8e85678d0224,0.04124250140039112
ck_ef1a1de20d2124cb,0.0878568639314048
ck_e7d903c50d353361,0.020186158280088448
ck_bcbd8588a13f5eef,0.008174898866424366
ck_80e3041811033443,0.019501327046574188
ck_bdee1221b9addff8,0.006734308476371286
ck_dfc933493561d84f,0.06508278962036901
ck_e0f9506a6d5f4a1a,0.019123371596381954
ck_a911a066ff0f7b56,0.1289320076904501
ck_5c45968a805132e0,0.016387381668807686
ck_152820d8817f478c,0.010231424735497268
ck_13f03ec785cbdae1,0.0024030021986469023
ck_a662b4bf900781e4,0.003120453027104712
ck_0c0dde42ab64ef87,0.01024999164646675
ck_cb3a40594da6a2ee,0.045601790407278055
ck_a69084a068bcc8aa,0.07566993638361191
ck_f3bce4eccfa6d6bb,0.010757596987896564
ck_794d8935a895e33f,0.027213649161055502
ck_5f217bfe28954e75,0.9866766871457375
ck_9700a00ff9e66216,0.016711681307044444
ck_9a66cb13a9884cc2,0.012804871031616392
ck_522477be6376b450,0.007230272444012495
ck_4f6ed5ea5ab7c429,0.006269351981795731
ck_f5882e6f98b8b4cd,0.002549209963893676
ck_ec01ae5351500355,0.006863165211310807
ck_cc276f71ab6c08fd,0.031440579178384935
ck_b06ce826e593b210,0.08855094640576966
ck_1833c81d693c1e07,0.9637574966714426
ck_b4ad165ace910222,0.00880372932290358
ck_7ce44f4e06d58111,0.07304062245492655
ck_804c5a1fa5753617,0.011388305964739397
ck_db2c0908150cb2cc,0.026591987011714814
ck_8530158e3d7f59e7,0.013930045572621123
ck_efbc79246e32c66a,0.28179414967426386
ck_dfaafdaefa5716b6,0.023647563815916463
ck_75f968be67f46d24,0.08999970593640963
ck_3715bfa7fed2c675,0.005262803251924977
ck_b5935e9722a39819,0.025990368204131725
ck_e83409471d2b0b44,0.02755526654607843
ck_c729d19053387be9,0.10619483420542425
ck_38d4ed52cbe6d123,0.031158639521749607
ck_ea835557d7043667,0.0032452355618513493
ck_95b48972061abe82,0.008796024343836716
ck_2981d16f8a51a8ed,0.028955384430439962
ck_30bf5b0056eea9e9,0.4630775040555219
ck_a1c7adfe26e09a8c,0.023232009776626376
ck_1eeacc26f02fbba4,0.033644867799086875
ck_044fa3b3a003f0b5,0.03450984112134585
ck_6cabb1a133f0b151,0.010265581407399634
ck_b71279e807d0b3a7,0.018333273721219054
ck_ba68841ca2ba073d,0.026628805639983585
ck_e1790b3aa2241b10,0.8712194730031253
ck_0bf48607a874b4d1,0.0032131930304648178
ck_fa8a4a9e77799fcc,0.0025828503297845536
ck_52c311f29ca3aca9,0.0033119420624354414
ck_42c6973d3a6fe983,0.003691625402260171
ck_b524f7a2e752b9d0,0.01691280701916574
ck_14e58c3fb26a2b4d,0.011382665963960526
ck_ec9976cabc63ff92,0.004737862507891475
ck_9f50920c894f64e1,0.009876443608108937
ck_0259da8f109017e9,0.010582705342251844
ck_9d8e9ef37797d3af,0.2507766442099526
ck_2d28f14d3973d8fb,0.003177075314722889
ck_f5b1200dc6f95760,0.03397864093548385
ck_20d7571ba830009d,0.02130342898804836
ck_54978a073e7a0b1a,0.008841772307733836
ck_6236a461dc0d11a3,0.007019734040127374
ck_7d3a88d1aa649708,0.6520747712299544
ck_742f7c28ddd019e8,0.03495106527919484
ck_d979ef95ee44023d,0.01634178103163199
ck_c01c85bd631d4054,0.005611090126465474
ck_1e832a5b2342554f,0.06296512141227845
ck_9bf95f8c47e7c7b4,0.009612136793662473
ck_6b38763bf5ddbcef,0.014688387926546333
ck_bda4041a3e90d860,0.01021595523417678
ck_703499f5410280f7,0.0025747875267563944
ck_1eabc15a94bd9009,0.01084392462348819
ck_d5bd8f68da073cd8,0.041573886229644086
ck_6e6258227fc8db7f,0.002889846344328076
ck_be9c46acd216b45d,0.02220755357423665
ck_e2f88e202b6f700a,0.03329786660901979
ck_353a272478f7e903,0.0072439943194509675
ck_a2c9796ea229a4e2,0.0040609086106622285
ck_acee218cbe61df69,0.016015995659287654
ck_9704c5cf8659cedc,0.016408136815940017
ck_4b0947bf94e9d847,0.01813512440955654
ck_bb113e3e6716ed65,0.019411303382835605
ck_60b4d59953505682,0.8335487149144998
ck_7dca4d7ee10b4eeb,0.003681255221487198
ck_4863077723cd6ce1,0.0020622750873008308
ck_469a0578d05990c2,0.009246995312575022
ck_5db1cb368bc41ac3,0.013508774195492557
ck_b72c7ac4208052ab,0.029528606729011822
ck_abac514d8167ea58,0.031046338025696174
ck_6de2aa2bb60978d3,0.017309429974287
ck_186dbff4b24a3bbf,0.10987634284788371
ck_7f15503048915d6f,0.014878030072873897
ck_c35e03b0dd0c3454,0.018846533581790854
ck_2cf8a44e041217de,0.02876941544525695
ck_91955aab3424ad16,0.005074007096269492
ck_a032e8ac1507c6df,0.9191512004673815
ck_342a79f91de5d1fa,0.08299990398041365
ck_3ecd8a5ce65e21ca,0.0071730043426574235
ck_45424ea6f0bc4650,0.20888485606833582
ck_41346ccd9242cc8f,0.004942030097349038
ck_35d6c510ad29362e,0.8645747370605292
ck_9de191bf79afd676,0.00963080129110271
ck_6de6b1663f9457f4,0.002389578719460677
ck_61814ae9b6d8eab1,0.008066545724550645
ck_60187ac2c473a662,0.9703033024887519
ck_c0b50c11e4f5adf7,0.037479487018235114
ck_062754f8b79b86e5,0.005047645249259884
ck_0027b5d4107d65d8,0.08196373579382579
ck_d61c837b0106085a,0.03466773643704744
ck_a99e0c258ad7576b,0.012391860026035508
ck_e76257caa98dc25d,0.8861090045918849
ck_9a65fcfc7916f93f,0.0019194968697153478
ck_c972b0e781efed3b,0.005802569866744774
ck_3a632cdf2c19051b,0.029309997786734418
ck_9724718fe64c6557,0.9900702474218933
ck_d44dc3839a195c8a,0.1919993972897376
ck_2fc70b6baf6a0e26,0.005449588575161291
ck_b4911c42f3bff740,0.0012863222670192454
ck_53428573abcd606f,0.013135478700801874
ck_c8198cb4c461304f,0.03204740633062262
ck_852c50bbba1ead13,0.09293564358897279
ck_d5ef6dc116dee408,0.01262596485077501
ck_3ac528caac74f563,0.026474993946849275
ck_1b0b7c3d35ab1259,0.04267559908616067
ck_f1a9d832b700bda1,0.948192248026267
ck_343e6ed2b9d35c01,0.011332920050412067
ck_803c0b4cf9d4bc1d,0.05165360237580257
ck_c457e9c9224b773d,0.07787535345007025
ck_d305b4d82f63f647,0.007790992575259202
ck_22bd0fc71f95e048,0.040539812487475554
ck_aab23b5470469649,0.017435720436947633
ck_fe0a9372c9372de9,0.00738869030676559
ck_f6c909c205767956,0.023162298218410038
ck_295bca29c34cfe2e,0.0916940331526807
ck_74e60495f8861156,0.015044186775320514
ck_bd20be9a3392d79b,0.007629206742456207
ck_952da7ca9f33decb,0.03396181155299444
ck_900d62b3184378c7,0.004910371215092025
ck_eafe9b89857149b5,0.015137357312696149
ck_509cece86a558de4,0.005200833359053954
ck_c423aa6de3ed1e01,0.00944026743004198
ck_b5a84c5547378c10,0.004111187069104335
ck_9528e1d6b1707870,0.014832430527050942
ck_668c7fc7d7e47c0e,0.05366961268559664
ck_5d72ff6cc2963d1a,0.003339538668525166
ck_6c084bfcb38e96c3,0.039514148279700734
ck_66439e697695224c,0.0022450145721926214
ck_e975002c979e12c7,0.05144504672208021
ck_8e039b23acaaac00,0.04873939871705599
ck_9ccb17c35e636c5e,0.007313684304714407
ck_abd3aa292f8edb4d,0.08175914535371559
ck_3ec9b9d8dd7be11c,0.023643176890162033
ck_d6f5c8741697abb3,0.02069709809085976
ck_5d75ea4f5c9080bc,0.8449145894389636
ck_a4db6e94a8f77f9d,0.06087458674777187
ck_01c1f06692566ca1,0.01719740072752225
ck_dac7c50bd6d0148f,0.007277832319402466
ck_857a1f5547b9ad68,0.02516415519409359
ck_aefd1ce3ce093cbd,0.0016275819635901952
ck_7b59d22cadef3b05,0.2277165404575648
ck_6bc0e5b8c0b7d2bd,0.024328552226812416
ck_2c44ca550e5cfa82,0.016035521086446167
ck_e4ac22046699b99f,0.011844668741023327
ck_ee7a515e87d17d4e,0.023735191697957153
ck_5e512ef5362a3dd6,0.0060984729985664975
ck_df1f2dba802296be,0.9506564806098006
ck_49bdba9ee1899dfe,0.0407400056957335
ck_52730906e5b461eb,0.7271425181980148
ck_dab34cf6f0626c9b,0.017320286985089736
ck_f9d8b4813a88c1e6,0.007543887706185996
ck_c0c4be3f44311b04,0.006923260701164903
ck_ae3b47d6e1063704,0.01789157680977825
ck_533672fb40531607,0.12615325697104957
ck_2a244f1ae08ef83c,0.03944019349866533
ck_fe429ba3e1aa0e4f,0.012569598331819221
ck_18444be153bac1ca,0.8054755702132337
ck_2ef76f1f36e8b869,0.06975356942504168
ck_99ee90946395d74d,0.9489116075502763
ck_bf2228a052815840,0.009478688217636507
ck_1bb212d1288b9689,0.02226210831569156
ck_9949f53c155b8dde,0.026004297782578303
ck_04a1a46f07885296,0.029067618592381106
ck_70c7679199776a90,0.03026505982921195
ck_231e6dd1fe708000,0.007239823894452465
ck_e013d88ea7939616,0.0107897273962427
ck_d229cf7f5a3f38ca,0.009234833011960594
ck_0ad6fa0e23c3bd0a,0.06492836178147934
ck_3a3daa8b376f2a18,0.004293536035321359
ck_f0d6633d0834fff5,0.04897546042984216
ck_5472214011fbc2a7,0.010048074090004725
ck_e0239e6ae30795a7,0.013104993418237329
ck_646bb3c7be5f0817,0.007390978483658767
ck_a9e7f3b2d5dfd97b,0.006068269284766706
ck_d5ef1f6e34bb35b8,0.039358084451592654
ck_615277c8a4e2b18b,0.015009436146529765
ck_11318f7c041a5ba9,0.009921521642378974
ck_6d69e092f9b0848b,0.018956426592033775
ck_fbdac0221bc03f66,0.022871775107839134
ck_3854c08d17704347,0.0391519055488602
ck_a9989a3a94c26634,0.01466279728975036
ck_d3cfb3603f2c6ca3,0.03466786928957034
ck_ba54e0a1c328119b,0.8166182623099439
ck_ecfb771ed2352085,0.011809967296507334
ck_2401e8ff89e574fd,0.6510528056930482
ck_54e2eb018d947790,0.02845378421955145
ck_ad7269eaa65c67f9,0.046000491979966925
ck_cf2ca4f286e289ba,0.024482096635501615
ck_ccfc9ab888ba933d,0.015394785623962372
ck_c881f26c9bf9ae42,0.2534716775851007
ck_a7afdac4ecbf2de4,0.17625463297451988
ck_57d0a7eb7eae2eaf,0.04233724437675216
ck_3fb95862b70f505c,0.019803757598866274
ck_5478eb69ef912785,0.09436635185089824
ck_bf4e7d48770a4a8b,0.0583538693930883
ck_5875828b11406398,0.03151800461025753
ck_3019afee83342701,0.025427270020838066
ck_dfa0ac11fcb1dabd,0.009423938787677846
ck_2d695f8358383092,0.03135294407045603
ck_7717fcb100dc4b5f,0.027479741589381185
ck_682262b455a9edd4,0.003290329758279643
ck_18270fee7c8fcee8,0.018162728942443918
ck_e6d3ce445b86003f,0.004371243095978284
ck_61d7b0568ec5d6cf,0.015907383736980328
ck_bd1bf9e3e29de281,0.05645356654328091
ck_7ea0bf310fc20c7b,0.49719896610654624
ck_328696b8f5e54ec6,0.047867677121877596
ck_1507f5aa50cdf3a0,0.013899819089458719
ck_ca10102961f99eb4,0.00379048691457392
ck_61b79dec96d15713,0.010208831113082621
ck_ca7b993e8286af7f,0.005657323162464218
ck_c9dcd92b2f836b61,0.11097085645780608
ck_fe2fc7d6e5d83f09,0.09153648211353074
ck_b6e3af0a5119d9a0,0.11880872313724011
ck_e535fb0f0c00418d,0.05221028009335546
ck_31109c899336348d,0.06352600388796065
ck_d4e024fcda401a31,0.005879324138799826
ck_9cbef9bc95449dca,0.019010176577310876
ck_a397cd64ec5d644b,0.00583339779950944
ck_b0f191e44f9b6f35,0.03630767434643299
ck_3049d744b527f4d0,0.010449461345493216
ck_6f661b428d6fb8e4,0.14379878601374937
ck_da59ab47cb6284ad,0.0043061036868890235
ck_5576ffc6aaf6f22c,0.0013876842824126598
ck_8955d7b9030d5eb5,0.02124181859171765
ck_78a61215675b38f0,0.014201639319690618
ck_001e42551cd06e40,0.0091919835890468
ck_3b6057d51fd4c7d6,0.013640768798083099
ck_87110d84872c0fed,0.01974937137530984
ck_f034adb57391f3d7,0.034212057267831046
ck_d84b5403da4cea7b,0.01602883882536229
ck_f04062216f95fa00,0.03712144981608627
ck_d9573100bbff4014,0.21396768597751364
ck_b5d0d223ef56473f,0.022142902038918964
ck_3aabf5e0f4defb41,0.016543142938955875
ck_ac449ee0c315edde,0.002927053243951484
ck_085d8c42739e2b10,0.9938429959435001
ck_937402a60df0821c,0.0017911283174354598
ck_cd1dc68e441222b1,0.9671844187307724
ck_714c5d7cb17bc9f2,0.008973381728207892
ck_1d01b4a609918c4e,0.7848759931359444
ck_cc1c0b93d05b7d20,0.03820842984101528
ck_46f4e1f5026f4d1b,0.0016143079849335802
ck_779491819995625d,0.07000551853969067
ck_46bec0bff167ed3f,0.021818257481643788
ck_92d679d6ac7dcdcb,0.10036076086756662
ck_22a7cf3b99c5e5fd,0.01649851561784945
ck_09faa4e771cf876b,0.008988827160452472
ck_0b2eeb4e00ff7955,0.028971129513607505
ck_9843d0e61c37ebe8,0.9709373192924362
ck_e2f792fae128b18e,0.0910476722354465
ck_00aa5fc3b3bc66aa,0.06328952714765439
ck_3dc378f37d0b74b8,0.010486968237002108
ck_5e98ed6391d9f429,0.018480497540698086
ck_9036b2e5e9298a34,0.011371840792617362
ck_a1cdebfc42a52448,0.0059591647356567815
ck_5f48762a14a0326f,0.0049742160825754465
ck_8adb40b168b59d7c,0.028550996378385103
ck_c08e64d424e56c05,0.04438694973477203
ck_68914e67343a7d32,0.006998235144197991
ck_09e9c51eb538b255,0.01694553148300771
ck_f9a68da9e0f0bc85,0.0036265022226924185
ck_498a0acd450944d8,0.004220471663230438
ck_67ab6f9e05c85085,0.031004394675356005
ck_aac70764dde15168,0.013460902529782735
ck_e5ece47d0dd10526,0.0383808515587791
ck_aa8b9b36a099e4c8,0.04155403427869412
ck_8d2f62930777416b,0.11580063675586368
ck_8312c49b1431a406,0.010954298927989114
ck_6438ae81d43cb196,0.010328181335232473
ck_949f08f8e80e93ea,0.005040555849698083
ck_f9b439c9161c3e52,0.031007934226015957
ck_4dd4ed23e0b927b7,0.11827201895412663
ck_18b36d342b530af4,0.016031079462865985
ck_8c8c98cc694ac900,0.02005301832429997
ck_74b502b20690ccfe,0.010650074792537764
ck_7f0c4f609673ef62,0.015200819929646248
ck_02241f3dc301bebf,0.01747114119703028
ck_6e5752b87324b58c,0.018661020249134654
ck_b4068439c413b150,0.010745780438377666
ck_bc82fb1895fddde5,0.0022502224461679148
ck_0a45d033d4e280ea,0.05581527645463165
ck_39a3f1da060e88bf,0.006887646142203318
ck_8f1cbc432e2774f8,0.05001144757582365
ck_8ef97b55a5fd6ec9,0.0036647225400488577
ck_aded05ada490da20,0.017815427891841495
ck_335e63101b1e6c4c,0.05603042393782175
ck_e5c30947b732f661,0.07191111105549308
ck_f824b326d5089885,0.19509892621211372
ck_a4d7f6a5869d440a,0.9849814555300462
ck_58e20f5a3e7f11b8,0.6066201228947686
ck_a04403073c90ce38,0.0014424604527648606
ck_9eea37d2de633b27,0.009406923359882613
ck_fecb39c82c43e76d,0.008916304715995136
ck_f5adad75e1c06731,0.05387196751571642
ck_43dc13b6b6d31297,0.02023254704394939
ck_3acdb083e0d8ad61,0.004571650370247535
ck_54bfd70022c66983,0.014431005658224088
ck_c422ba389ff00781,0.003335251743095338
ck_b26cdb2b7b165d2e,0.02713186352693763
ck_4563227b2038ae07,0.07989641966702743
ck_355c4f29089731e8,0.7480059176041217
ck_fa4211c4d826d830,0.0024262787353772036
ck_e886ba71d4a6fd73,0.030210139037491993
ck_f76d929541ed41dd,0.02635169887467321
ck_0f37c554a5057801,0.8340059324916457
ck_0a7ba51d626e932a,0.041136979818472086
ck_55efc92394fee232,0.04860948489340888
ck_1df4b46c0a4c317d,0.018329078274816304
ck_ee52c7bf88f952ab,0.02069495802394483
ck_bc273f3ce79f7e1a,0.00751045400265493
ck_9371c700d9830326,0.060416941614795765
ck_65acc43a6dc3e65d,0.020220998464976808
ck_b0ee3a98175b462d,0.003181316073105442
ck_dfbb2056f1ef7d3b,0.011850463078217532
ck_5043e474f848346d,0.0206364158076641
ck_6be8ae9d78148882,0.01982604006886985
ck_fd4cf578e87703ff,0.024816552336140708
ck_8b24eadf6c72b30c,0.3733999041744237
ck_38c1c75cf055031b,0.019119647609677937
ck_c8001bdb9aafc8a6,0.010959110586904942
ck_d598fe8d2c779ab9,0.019188033136083332
ck_af25c72d16299258,0.008448887447041812
ck_0c1f088e17e46daf,0.025515177573726573
ck_6c7b41374f9b2e55,0.010675664243482121
ck_e4fd8cbd842b6993,0.011903183677209047
ck_220fda3c11c59b6c,0.02547209763504746
ck_e3e95546a84d0ed8,0.021897708207247076
ck_53c8315b5c30acb4,0.013049606850588178
ck_fdcb1d9265d8fec1,0.037141455426640345
ck_94f4266ee7871345,0.008266288219886677
ck_7a7e40ee3f97c035,0.03844532019054958
ck_6a519bdac0d94527,0.0022348226785563296
ck_ff30dda2c881a4bd,0.3140223504984798
ck_e7b4016909405981,0.0027723602405556828
ck_1abb93f6924645e1,0.028124904663596073
ck_5e74fdadb93ff293,0.05158448669037929
ck_fc2a6e27b10b10e9,0.004699670083793306
ck_47ab8e51e5b3a2d8,0.005042068352503594
ck_246989b0c288664f,0.020883144369150203
ck_ddc7c1f3d45fe6e6,0.034991436388058496
ck_0acc3d8c67218b9d,0.006675070919911222
ck_4c840e5585a7b167,0.0695129436851886
ck_1d30eef7110809e5,0.1596186910792785
ck_ebbc9418cd41f692,0.008555970559055093
ck_93cc12703b500613,0.03223089158532554
ck_5060aefcc8b6f958,0.02088393468568212
ck_0595c2a0c7881e05,0.01836739271097828
ck_d9735647a6b0b0a7,0.2847995096373638
ck_f89719a854fe11d7,0.029465718602211137
ck_d813e15ac91f487c,0.10198337543026867
ck_cb8551453a7bb929,0.004644108716902386
ck_8642e3b6d84f49d3,0.017910787489694917
ck_9ec7f334604a228f,0.03084469029410318
ck_e0b7e2c0bbe228d9,0.005913411742010802
ck_e7b40b60786c1530,0.0075147714101776305
ck_edf229c17d25dac1,0.11823330682280708
ck_4424a5223ba2fe00,0.030584954119749222
ck_c96ae2c28086a059,0.052079688591881036
ck_ee40498cd97183d3,0.00881885724137356
ck_13d1b192bbff8f32,0.030414161899232052
ck_079bd18dacb704a8,0.08188219893979931
ck_884168153c9c0c81,0.004426565746719852
ck_dbe58392635133ca,0.024288966904291456
ck_9440335375701f44,0.01654137042657423
ck_9083ca9fec2a7f4c,0.006703218965667125
ck_2f9fd36a4a40a6a8,0.0026782949479724483
ck_8bf46e472f3e20de,0.13625855574523932
ck_a76ee3b3e3e522fd,0.06655869546594954
ck_9dd7daacb7833233,0.03010459113095236
ck_8eaf9509ad9462a0,0.0022513430119910217
ck_c5517923458106ae,0.007380814908795818
ck_74a4244eb1f162e4,0.0011311521107495327
ck_fe1b1adae3be70a6,0.8057333697080544
ck_571133b2aa8ead51,0.02285214830994514
ck_2b87683c90acb852,0.028990148746341274
ck_3f730318a9792292,0.02199114228499743
ck_70804f60d9704128,0.08665973943422678
ck_7356f47dbbbe7904,0.006987082444498201
ck_e7651fb87bb24132,0.00502196051044927
ck_4a59f4e10bf45d7f,0.0028317270640321034
ck_98e337806104dd88,0.0016244852183798014
ck_c39a9e75760e3201,0.007450091126911174
ck_39d5f6c17c745ab1,0.002565227536506627
ck_ccbdfe744acff8bb,0.011251404013218244
ck_d6ba7ffd2ae08863,0.03850543308107425
ck_0eeb3d9b3e697edb,0.023286766385762065
ck_2a65f1cc23f1180e,0.001708947195087112
ck_c91b7fccf6aeb4a5,0.020652603624466997
ck_e55b7fa67db1ec27,0.004365219136293519
ck_214af0806470ef48,0.013245982942860123
ck_7fbb709a0fe95759,0.004958700759833687
ck_4a9a791a1d409a3d,0.030332323314488836
ck_99e52c3c2530b69e,0.970398920379515
ck_eb3fb1106f2f1b21,0.04247727087793267
ck_08b77ad5f8f73007,0.015079955171304806
ck_934fb5064b6eefe2,0.0014283033486222258
ck_6a92cf5f4cf5de38,0.018782518571598635
ck_9ea5872f14cce338,0.020926897960438992
ck_6ff6883633b8c7ba,0.0019800701270865687
ck_f19030e6e85a6776,0.04404672498705883
ck_cdabe60ab59f9d5a,0.011808706102027545
ck_75fb7e56432ee4b2,0.00560902059161777
ck_bb84b2b30293f566,0.5026039480003862
ck_b898d912d1181ef9,0.010279758476065302
ck_348a525791ae6475,0.022252395212027105
ck_18ddf7e836256e3b,0.01962730985985283
ck_5b73d7c5255e58a3,0.08007919481705035
ck_48d4d63beb26b623,0.010647091606106513
ck_020eb0e454524ecd,0.003660036522665589
ck_961ddb8ff55d868e,0.0020394735292820656
ck_109fc467ec0a4af5,0.05731383948172079
ck_a872df31b28a5f7f,0.11487359445164977
ck_f0093064aa28f4d0,0.02377598816618844
ck_2b699066665abe8a,0.03451347009145248
ck_a17128972d3e507d,0.15575719748882638
ck_8f35d229b62c8f23,0.006581733497564288
ck_ef8a6af43fedd464,0.0038582310032892753
ck_1e6628879e9d653c,0.019302229460295802
ck_0aa9db36eb16422a,0.0039629651085525425
ck_b53e88c0e927d896,0.002010926472136115
ck_a9cd84a6dddfe584,0.014427303022280246
ck_b498fa91a0776ff6,0.48207420785212973
ck_69eda24e931fb36a,0.0020587125861383643
ck_1f0bafec397da8e4,0.024541164262550288
ck_523dce06515b072d,0.0260926198706826
ck_404e2217fd87fdd2,0.004711039754589825
ck_6b954c75aad8c012,0.037334380444528595
ck_614f777c2eb5d537,0.00598451814617475
ck_7f8f864fcc90ca82,0.024847592514419585
ck_58afa1550b3b5294,0.018625874226091552
ck_ca149244b54ef3ad,0.0011093859764403202
ck_1573878386886290,0.009818313874359066
ck_7ecdee2d7127be8b,0.017313703851714265
ck_b667952253503174,0.010571702237883474
ck_c8307fecafa90140,0.05082811475758356
ck_99a92d710a29c1d0,0.04803996715979763
ck_bb6cf7e7b707731d,0.8597825188932565
ck_fe3c1d0ac090d960,0.05486364813030045
ck_fc60f42c68c7024f,0.048131200280190724
ck_f71a4094e889c3af,0.00667278143583257
ck_22311b037456a76e,0.001954188758341723
ck_fb90408f4892a21f,0.011045205895905902
ck_5866b413549765bf,0.005153623370127514
ck_2ac36e1dff211d38,0.026400909960731005
ck_ba8affe4b9505a95,0.7675043390889582
ck_1b2d9cae92a1aab1,0.03169529809292439
ck_58f4c3ac61fda129,0.08186955012778734
ck_a378c58294001a36,0.8837553021627989
ck_afc484d1b6907983,0.017909349448873808
ck_030cf09525dba4ba,0.010655031072678926
ck_babb95a76c69509d,0.01868901834452053
ck_5662492a54e6688b,0.04384717336891869
ck_db4083a0d043def8,0.15018799383886802
ck_c0032232c2868328,0.01614920445734707
ck_cc91bd7152d3e9ba,0.014670000195695011
ck_c484c5bda389bf20,0.0016164860955213138
ck_a7ea00a1760ad561,0.9573260351555883
ck_cc90e219f1ebf390,0.002089184164527605
ck_ddd65711b5651f89,0.00308549541588804
ck_f589f1e29301b5fd,0.14686007241600474
ck_8c6f059c95872126,0.004957812314389931
ck_87f82b2b5fee757a,0.03122046861647541
ck_3abfc010091d679d,0.03382853651452322
ck_b8465b1a5666155b,0.04148346219440398
ck_f0bc3bdee6bfbb94,0.015845314704659986
ck_767e0be086b5f601,0.04010403733374549
ck_96810ad39d4cb7b0,0.060955348035013054
ck_9741a82faf5c7889,0.061614898183322456
ck_97ffae702f7c3d08,0.00434069617498914
ck_963762210edc5694,0.0341824800016501
ck_5ff6108056a3fef5,0.015648469214656367
ck_3168f4f2778d64e1,0.01791342335810743
ck_59d086fab5998646,0.02069991945800949
ck_43292f70a03ddf2b,0.032040475681450506
ck_0b259620eac51618,0.012059353968277384
ck_678e74532ac19700,0.02104389393777847
ck_52e1418cf1aa9871,0.019651073700255
ck_4f875342394c110f,0.04580309924956416
ck_4f639f4ee6ce8d9e,0.07012725128551275
ck_36224a2d394ebfe4,0.0946248772467172
ck_fc4bfd6e739bddea,0.005977609272373174
ck_88ec57a11b11f702,0.9717522069351381
ck_896096cb167254ef,0.03461796188322064
ck_c920901b9a4ba993,0.9378426402995341
ck_2ff1860da2004c84,0.003228272144964309
ck_631ea1ae91ab333e,0.04936591420647534
ck_0b9fcff9667ec05a,0.01039206533996343
ck_d3eab7a06eb48348,0.04529235890704428
ck_4dec3df58077a257,0.20791364571937762
ck_73d3689728270a2b,0.001263592970632954
ck_961e7dbc217cfbbc,0.014846722318384593
ck_dd97429277a2fa00,0.053397813064247984
ck_5c37f7563fa7591d,0.0329949928714607
ck_f2ecab85d4693b4e,0.03609169522086312
ck_a0e3a2facd508e49,0.07395768851836933
ck_02e5f9cbbbf2f078,0.020732240283668803
ck_d064428b7e7dc409,0.006610526145072598
ck_4f463ef25325ddfa,0.34222726048179
ck_a6fe344bbf67f14b,0.01714724348523723
ck_e03b7d0fa0b28f4b,0.0058000664211891335
ck_2f6b33bf46976229,0.004651069092185425
ck_9c60ae6958d68dbd,0.1867394926015759
ck_d730ff21bfd7769d,0.01058930899345561
ck_7048bedd554c703b,0.004065714005792882
ck_9e0383e1fb6e214d,0.36436495483534315
ck_733aff0f56f5b3c9,0.050537641729242924
ck_11af112667c98394,0.01899875138983507
ck_004efa95555437e9,0.007618570669393626
ck_7de6997178207800,0.0050825132249108914
ck_68dd79a51eabf5e6,0.0745370007440672
ck_0567302c57a2417e,0.07128221031152256
ck_59de511b20c842ba,0.05155979093013795
ck_f1ef5cf7f10b16c8,0.041937618495284754
ck_6a475fe324d7d790,0.02704679204438927
ck_31199510b40602a1,0.006697611433605765
ck_2a6d43b9f883b78e,0.6179958526451971
ck_788e78065526ee19,0.023664220560207016
ck_fdf89dc69f700f84,0.04481886539614167
ck_02a8582c2603e675,0.01440060762314508
ck_9c9e8a38bd5a6c88,0.02884167486109128
ck_1c2dcae19539e148,0.0424520587041661
ck_c7a9c7b2eef46a99,0.01063542566517369
ck_d9f8efa6a7800f76,0.006963897826256671
ck_03c4fa4f3ed3512e,0.0026879045027991223
ck_c80a94d4660041fe,0.046492983732336506
ck_4819327a78615485,0.04750132921328934
ck_ab3de3d3e41c2082,0.006533996515339792
ck_e86ad2fe815b6ed9,0.06491954764934173
ck_c51131e53baa59c7,0.004965818023170414
ck_e963d8525018d072,0.020636280113209875
ck_a4a01fd45936b078,0.0181328316864325
ck_66aeb00e44486cda,0.5855360959873324
ck_838c52cc1d315ec3,0.05462417704160374
ck_d20d4ba60eec9945,0.014186101079345675
ck_1f1273a67cbad5e5,0.6135197619263545
ck_44e57a0bad5a0745,0.03133286509475641
ck_9df7e153868bca13,0.0038391658163255786
ck_50d7c4dab837bf66,0.00962308521609191
ck_9cde4036d0914427,0.011953229450105629
ck_d557b9feb241b3ec,0.004560859275778666
ck_ba4a6b9aa63964ef,0.02581573807725424
ck_5ccc0c94e5e1f849,0.012805395039916314
ck_3cfeade2cf270fee,0.051283996120031386
ck_faeb0da678bb86c0,0.008259285456853286
ck_0f35e930d0614613,0.9940314496366199
ck_0e962eacf98a813e,0.013045233563401839
ck_c8b2e2cb349dd0ff,0.006709754205753218
ck_45f57fb8194cefc8,0.013148457086016831
ck_cf6aa24b92c4d33c,0.7530924970188506
ck_f3bc10e3decefce4,0.004358015992403594
ck_c2466fc40fc9d5ed,0.9744441310914166
ck_5ef50fb07b6737d5,0.01086844278759639
ck_8d0cd981ed3a183a,0.14968130556884876
ck_aeed557007d52e9c,0.0018295044159722374
ck_dcef7887a4f1e435,0.03295779211981553
ck_6d6ac1f5dd882aa5,0.004233078346396904
ck_9e3fbd04e3532f32,0.03983539939027231
ck_b8e5244e650aa81b,0.039059379233147215
ck_975c2aa3d4a8c51a,0.007424035602139953
ck_4f75144c6f3b13ad,0.032683268096636894
ck_0e7899a57cd617d6,0.0038662305356143194
ck_df8ad2deb0a4ffed,0.014511091987425152
ck_cf7a022178165e56,0.0051969680251320064
ck_5bc07deb82edbad7,0.003806631381382003
ck_f2aa1b677619ab19,0.013937039977898956
ck_cb42e3be6fe87f60,0.01092386387154352
ck_4dfa1c1e9b69fcc8,0.013143633268145234
ck_23756522b58df5d8,0.0024373252927293865
ck_c76f1bf40f3b787b,0.003115633383857678
ck_dc569c1167ccec0d,0.9476944818423065
ck_1ce20e4223a936b1,0.019266648462394103
ck_6b97d1ab90f6bdeb,0.026829680592711458
ck_1e97899875bb427b,0.009623888861096032
ck_4b00e75c2d2d0522,0.0024411223463013357
ck_e80883208e8d0453,0.022549264803881853
ck_636111f7f030496c,0.011914041610420246
ck_a2d0417791d4132d,0.026522568693420463
ck_7a7bb9be5a7e48ad,0.016199052197603588
ck_5d2b9e6e087b8dfc,0.9971375088982097
ck_6957905a65c47879,0.034991841940986056
ck_a33d2325f86ab12d,0.006218987942495754
ck_4df036e2aa7e1056,0.010006137472179412
ck_05ab5b03d0bf9ce4,0.16134065034577252
ck_bc04f51c23290bcc,0.015715865970732636
ck_2ce8931af02a2ce3,0.025323012901721773
ck_dfba788f35d4c372,0.007049039509079935
ck_90eeca1cda79fd41,0.00275352811248798
ck_f96db2a1f3448d1f,0.02262375710821774
ck_af5842fa7202ff25,0.04881881803398806
ck_ea62ebfc1f04b49a,0.05117921576670148
ck_75bb521de55644c7,0.02115680334460487
ck_81a960fddf79ecf1,0.9748654492452955
ck_8da980cb2e1e2bfb,0.021374361740520598
ck_fa321945ebedb916,0.034866154443490574
ck_00dafc060c8de32a,0.05674295207634887
ck_f81a97d350397306,0.018919530943088455
ck_255d87b7fb40caa5,0.019358326947996236
ck_d5eb179dc45394c6,0.02897885415195615
ck_628f449e248c19b7,0.26690445447462335
ck_d9506476ad3f9e08,0.015618276181274442
ck_e3f1d85fa5d49396,0.013229208458499436
ck_6f3a28eecd2c4031,0.015562138258679355
ck_46d8c029d46867b2,0.004499253877289955
ck_daf7aea023b7a8f6,0.0179896436654252
ck_aa37993f1c17cd1e,0.02141915467734469
ck_9c3aa9f23d01fa1c,0.009452729518199136
ck_9658a6ef471053f0,0.010801361757925074
ck_260cfe9141d249f1,0.10516541953352634
ck_8f6ce158c2902877,0.0016949736860381811
ck_430a3d03be588201,0.024962724602551976
ck_b5f9dd00914b4db4,0.006995861374583546
ck_1c6820fc38135ad9,0.016409406856177422
ck_1f22f04dfc08cf27,0.007206909101552898
ck_aa0a3179f1111674,0.011641177018390559
ck_9d4b5e6b43bad4d8,0.012871415347663298
ck_e3b3c5a80a567418,0.00500766379532557
ck_937f0da2306b2eb9,0.008068857046116672
ck_cce8b6657a538fe0,0.01709005676600192
ck_9e665618a4860306,0.005662213786154419
ck_8cd274cc85aa35d1,0.0264387828767174
ck_b7da6640fa2f49cf,0.7816803685222613
ck_f568772b6cb3febe,0.035892443571388044
ck_e95c8cc1864bd584,0.010801266936236493
ck_66600620149c8799,0.0059610113937760435
ck_81307759252571be,0.008312701343944282
ck_378a9df82b1e0bee,0.14805147838562716
ck_9ede89e8a43c3f53,0.04998659173097182
ck_2ae6949246ea2648,0.0074925699518894676
ck_2c27b77c59d8f23b,0.040679343624284714
ck_94940d783e7988e6,0.008158367609385375
ck_2db10f987d137582,0.033140351177724334
ck_dac3852758f4ea89,0.007112161049717698
ck_b5a3e20fd210017d,0.013733546113461767
ck_3f7c870510083a51,0.006564993291802833
ck_96a89e720176b389,0.05386994944913336
ck_1aa87cb62acc0ac6,0.01834199579280118
ck_78cc5ec4940fec3b,0.009781837574811932
ck_31742076e9a998f8,0.03748713323543674
ck_3f9e6d356d3dd3cf,0.0033515160153023077
ck_ab1b9d019921bca7,0.01129252209963871
ck_c8791f7ebd4d93c7,0.024907542778997156
ck_47a6005fabc33551,0.010540810980003746
ck_5a540b75c866166a,0.03687064533295311
ck_059e4fac6b7f704e,0.007242781499496898
ck_6c72a36b05fa0f4c,0.06122280579019697
ck_966a167758fddfd4,0.03472833117252455
ck_9ce743dd3e92549c,0.024322321493563715
ck_08a6d4903a7fbaca,0.015037593827721893
ck_8e5999c436cf037e,0.0021996405859853554
ck_acc764b49ef02826,0.05377905407895778
ck_7cc2e091806cfa5b,0.06414978327950807
ck_5ef935ac3d4d3332,0.015264728797217192
ck_a84f2cdf695a71d6,0.008325166646693506
ck_0a4d7acd2a53cbbd,0.013934252421379226
ck_c5e4a17d3efb19a4,0.20761328423905706
ck_8716cbf892c50e29,0.010254757501356414
ck_b8c7771de9b57705,0.007524674408009321
ck_0deb56f3f6452818,0.007830358685593158
ck_c1e5182bd99e0e35,0.6507701372483145
ck_f786cbc987b70930,0.003874913644671482
ck_ab581082e8f72e3d,0.006790785809333193
ck_45e70c8a9686580c,0.043884932361805185
ck_6fce5a893613fd2c,0.001843935909088682
ck_003148504557f720,0.041829391071792406
ck_fffa0622344a36ab,0.0021437017204624592
ck_d19bf4dc0627113d,0.0035069925107665896
ck_a337eb38eefdcc88,0.03793097405489066
ck_d4b23804cebb045d,0.015196912095215039
ck_7bda5b5b927b2905,0.05459513388043325
ck_f8124911450fdf31,0.8033956061882017
ck_b4d2f02d2cd45720,0.6364100780752354
ck_0f4e2ec66d50da5f,0.004298177963917854
ck_186161ce152836f5,0.014456424411437314
ck_e4d0a9e1102a58b5,0.016121536201340967
ck_a115a7919ac5875a,0.0463332799928792
ck_c8efa1538b37c359,0.00749771721663279
ck_4d9eb75e8eee90fd,0.04649299121735874
ck_9ea3d5a5a91fef9f,0.1349585262475852
ck_3c59df37895ead2d,0.00917861707694456
ck_ea269b35406473e8,0.002608525560315588
ck_2a5b31594206eb30,0.7168303037234265
ck_1fcc5843f39148a9,0.006830204350960327
ck_7951bd4eb99a0175,0.0022731996341930475
ck_abcbde211b6267f8,0.41816380295939326
ck_7b922518f667f76a,0.001708461230607186
ck_0bfc394c5faa65cb,0.040277803886650115
ck_0bd77fea8ed75a15,0.031834126931011925
ck_7c77e597c951cdad,0.0195320190145881
ck_e72db9d4b2fc9997,0.9890183538724415
ck_ab01db9117acfe3d,0.0075196469183052995
ck_471e4018a23b4e56,0.03835964949564413
ck_4b31a8862a857e6e,0.5123126884208116
ck_87cf36a03bd63c24,0.7002661736132059
ck_adc576690df5b33b,0.01494829255789578
ck_02dbabda93c8c13d,0.031531370383310185
ck_64f5eb4be9e7b8fa,0.09532110360151644
ck_43c1248db37a2eb0,0.006809997771396974
ck_b08afc91d9ca55db,0.02377356895532211
ck_237508ca4fb37268,0.07456365151423226
ck_982b0bf2e2b6c4f7,0.003829858980380795
ck_71c3a8e4c12c989f,0.005925606964098265
ck_41938582f4351772,0.018043915006039576
ck_642344e5c652d8df,0.024037880530941767
ck_cee56be5a502fbd1,0.11784564042982668
ck_0f38d4aed68d7d24,0.15935550322978181
ck_3ed4d13f12fd9d0e,0.04237745247141091
ck_1a9e51d092d62c84,0.7855894513261849
ck_22128a4f0d033422,0.029316037272873637
ck_c189b551bd111332,0.004360600210797118
ck_5d7801201749ffde,0.020555678071882598
ck_982c2392238b7be3,0.31149647611830983
ck_bb4c6b713eb0b978,0.07594558177623496
ck_2605fd571219e28d,0.004063343213165512
ck_bd30853e9a57b544,0.019531265902444677
ck_a5276af466b681de,0.004039857620520969
ck_32e486859130458f,0.9862497823133334
ck_9e35b908fca1e4d7,0.0031394650853483986
ck_c285a51ed6214f52,0.025969859043668282
ck_67674348e68d1f25,0.010505005985894277
ck_7878679065876b98,0.053300600372288565
ck_bd32dd3b2cbb7888,0.9959218593376832
ck_16dbafc035574654,0.004668878114573692
ck_c1c2cb49c3c1b0f5,0.11953520545394812
ck_8f59f11b512d5b7c,0.09459274576093026
ck_c1b493527224a27a,0.0034460252009572067
ck_e89d25ed7bdeeaea,0.00497890261771443
ck_9a84b396aada3fa8,0.09733529215050081
ck_d2fbd0df99634676,0.025093596695478185
ck_67a1aa88d2ea554a,0.08305740096930998
ck_ab2e3fc56f5b3aae,0.033173511091053834
ck_77c587d24695ea15,0.03218455888551625
ck_f0d806624ef3d359,0.015135783946125213
ck_160e9ba0a3f7c1fd,0.011179025007647295
ck_8c0210322733c718,0.005964400163991147
ck_ef261fc09be8eb0b,0.003902467528071862
ck_a2624e0387974e0e,0.08110983734916902
ck_6ecf56236789fc09,0.9253898779717182
ck_3af1eb88728ed8c7,0.02462259839816033
ck_5d8773badd0d4740,0.023587841391328697
ck_e794741742fb2619,0.05626423536494279
ck_2f8120ca80a1592c,0.02010558129378305
ck_ccb4dd9d0a48a76e,0.00804843523551434
ck_bfa7ba218b988cde,0.060348893354299216
ck_64b4dcbf436f0b75,0.007670523647030865
ck_41ba315d8fccb559,0.011785817982912773
ck_d23f9a50d1135ce1,0.03786949000357379
ck_4af5ec61ddbde1a4,0.022337914384493018
ck_560bc6017870ab06,0.006531825255880124
ck_dbdf8d0708cc6718,0.01842449436652145
ck_e00332597cf1eb24,0.01748218688343072
ck_df6fe4ec5a233213,0.009554878317863218
ck_94d5ce61a0c50465,0.021100550561232022
ck_e6fecb82fc2a82de,0.01244864517561153
ck_c4f4f28457be8a74,0.002080986832458764
ck_c7e129058beb3ac1,0.012056660288998513
ck_4ec040b9e3785e4a,0.0029246181082416803
ck_e21f9f96f597695b,0.031291167195756794
ck_ada6ede84c111719,0.019609853226421475
ck_549ed417f2834cee,0.03768709034064079
ck_5068ee554ceff971,0.03845615828521703
ck_d7d50fb57fcb2d0e,0.0025134284251598785
ck_e0e9cfabb979f428,0.011967975090901814
ck_34bd190d37eda534,0.0359811313270186
ck_99021fe7225b5a68,0.037869117077608185
ck_55933936536a4071,0.005619697339782976
ck_517620ca16505af0,0.010523165429762981
ck_ce927322ef8f651c,0.022375548063777832
ck_b294aa27a0b586d7,0.01167024591406885
ck_c9f9fddef39bc664,0.040957744185458306
ck_13757bf0eeb353e2,0.03906259162213398
ck_d116e0e7c19b878e,0.390080062191131
ck_a3747201f377626d,0.9699733593547173
ck_a315c9619a317609,0.022030681476648863
ck_9958b58da9e3c21c,0.018598526925595063
ck_89184bf7b7fe41cd,0.22382322913895616
ck_16b66bd803288bc3,0.7267351947344003
ck_7b382e533e2e925a,0.03130318460317378
ck_9a56739d81f84a53,0.00601611037931578
ck_4f0c5857da45fb28,0.11022661999301742
ck_3b49768b448b071e,0.013854439003681515
ck_54bb53b8f8ea32ae,0.9775113116314919
ck_4c7c50684827a2cf,0.011734073986827197
ck_538dad7f096458ad,0.010805757774998228
ck_2884bab237af16b7,0.009951298088639676
ck_8a6ea4a79b1c7a8e,0.013058575357268717
ck_57c14e32fa4683bf,0.0036841305869521604
ck_c5b0f0d4f1655a20,0.029440721242309918
ck_aba573aa942b1d41,0.01203078361841797
ck_15239ef0689c1a35,0.014611784488763565
ck_aa153a89a52f7eb5,0.021552633424143756
ck_fce0610c527e2b56,0.031378769854218586
ck_863db2e394dc47d1,0.9184145223538837
ck_66dd4f4b4127256d,0.003385008130617962
ck_79205e31223df2ad,0.027615931285009433
ck_31d5e3daced93d3c,0.01823091286393744
ck_1fca72e03143a645,0.8346591553692115
ck_a627734880aca848,0.007589845603407509
ck_8449a28f7d475d93,0.07196880384754609
ck_27eb86a9898cdfe3,0.007333412739940291
ck_50087d8666191144,0.39860911358962153
ck_d28806a2179092eb,0.9936401079550032
ck_bcc8519fe8521038,0.06904946896983524
ck_53036d3c6c74446c,0.07520662928731697
ck_7d81b59d615a6649,0.02777975194588039
ck_5e5280539257c986,0.014564643071563462
ck_1838cf8d00f5b1e1,0.01765021872427486
ck_50460e0189de6274,0.9708215401193099
ck_325caeab5c7a9c3a,0.007401431810499405
ck_7ce4ca91b8f9f1c1,0.01126812017589734
ck_f87d66946252476c,0.09877496576662721
ck_6d0d081bfa8a0022,0.02488694527363094
ck_ffc8e3c1377d0706,0.006945705734664836
ck_38d1a22850178f33,0.002499059363687186
ck_5c58e7f8fd55e26c,0.01910303779302502
ck_1375ad9f10688e4a,0.006414140389451712
ck_7ce768407fd48321,0.025618063201741606
ck_31b16b8848584e98,0.019713100699021432
ck_fd44e34af620e606,0.018852671103282332
ck_9441d48a12e8a4bf,0.14813945149666982
ck_f69e93388b3028cb,0.10597486156154608
ck_687b412e2aac7eb6,0.02119416813000844
ck_f473a03fbcdbc4b0,0.007543724887108877
ck_28588fb03b320520,0.03907859781254237
ck_9f9555197480d1cd,0.026658245509785558
ck_2ddfc948b8eac752,0.08112696053263814
ck_d56fc799542299b8,0.0028734584270434906
ck_edde1d7d1db24725,0.02173226998137389
ck_81793387b38047cc,0.0045318790603894625
ck_13648cbd306eee6d,0.011713538863708933
ck_a5d7311291caaa54,0.006884230907941654
ck_bd26d2bef14a8597,0.009762175125328898
ck_8129e81cde280131,0.007787288360925671
ck_431118050b834dcb,0.005860730417523283
ck_580dcec33ec232b8,0.009279509267881203
ck_ecf006bbc78ee3eb,0.07761447129153837
ck_acf7d65eaaa4c31c,0.004367561002998141
ck_8ce9c5807acbef48,0.010059388651143199
ck_c3d7d3d12a1981a3,0.011002141327364845
ck_9075432001a64e75,0.008510214482634174
ck_f99738dff854e25f,0.0024646237148167435
ck_a1a93c5f375f6021,0.003945328049210785
ck_a35d81bcc54ece2f,0.029140198069193754
ck_f3996a3c8eea1ea0,0.032435245797476225
ck_b75b936aafac56b9,0.015572290426692809
ck_25c355da356c730d,0.023658998642716287
ck_5615c6bbdef05291,0.1000905596509932
ck_4db95c310e105d30,0.004708478970839664
ck_b76510998b9a2260,0.029292396207300564
ck_90bc176c43d85fd5,0.14497902529405818
ck_4b387765f0e916cd,0.0018890871078689904
ck_f11b1565f986f5e3,0.009545318175728307
ck_e5018f9418e0102e,0.04156669223168774
ck_a08f8dfadbdca112,0.012564618058922708
ck_cdb8061d8d1a6c5f,0.007763052970240576
ck_6e8ebaea8f7bffaf,0.002076105416977277
ck_66746d1090d6d9e9,0.0040583953643994536
ck_9cf5e88e97c8c7ea,0.02946445190888196
ck_fae7e518a585fa61,0.028216551840415598
ck_8fc641b1750a2542,0.08932637591973858
ck_c9eeab826781dc91,0.026874705650605075
ck_95ffa1a805a1c9d1,0.00560192311342849
ck_e839d104854945f0,0.010780255776460582
ck_f04040a830f92bac,0.0063899508802242435
ck_e8b5bfa6838e28d1,0.0208166668017934
ck_72e7b1acc19df820,0.007989606069244488
ck_fe43da07608b1749,0.018597467834034053
ck_7e29c10d781c3b41,0.01010520453455307
ck_f56073911c9f1ab7,0.005385351020057641
ck_68be4fefc85a6b64,0.1872322577186191
ck_f07b09879d697b82,0.0045160276273371516
ck_b9c6b32f6bd92a3c,0.008018252209200482
ck_c8ad86806b9a2369,0.03865526617373751
ck_722ac47c8ac9b6c3,0.42164839729023773
ck_d812eb6930192793,0.0015079630063737964
ck_1774faf414a5d49d,0.9227071038983167
ck_7b93a622e40d8b14,0.11255328467689635
ck_39638880292782a7,0.013289420607253813
ck_11132d245b94d045,0.004980675944252188
ck_f736cffbdb82db34,0.002658127848158816
ck_0e477084434da450,0.024067487817862197
ck_ea819e337233475c,0.3097123148218518
ck_c6b6ebe145a8ffab,0.004882045024882806
ck_0af3c13ba56ce57c,0.005118345004191786
ck_cee8d42475a0f020,0.011784807634526417
ck_748b3ea941d8b3b9,0.011406159556239106
ck_96c3a3517153390e,0.026110142669859428
ck_de8af660806b97b5,0.0023319710647540363
ck_2951d76c41de2569,0.026504626959184246
ck_35fe969c58b9e70b,0.05684682728266842
ck_59684167f9c6bf4c,0.4035472674486597
ck_1645e6cc53fa99ff,0.02349185885337693
ck_fa04ac31e596e7d6,0.030655089987629294
ck_ace21f6daef94f6e,0.0084057098507271
ck_1cef30d08f3a598d,0.003045026037537895
ck_cb61902798ecc4fd,0.05623447873955742
ck_9ee044b73943a90b,0.016953517854210134
ck_f538ab6aecf2adfd,0.0014087626085016176
ck_c2608f78f6851d10,0.09972674686935422
ck_cf49b6544aff6c50,0.15035357506406843
ck_f45bad1606fa00a7,0.010339871898235382
ck_863708a99b92ef0d,0.028768432000392787
ck_7fc9a0776e1339e3,0.004731233559735125
ck_320df984791a1b99,0.0031888392546743334
ck_6fb2d142c09ed3ed,0.09462120342191677
ck_3e47f8c56c811700,0.023482293342541743
ck_0add2c321d579d75,0.02715916740917359
ck_e4c0fc52c82065d3,0.02499279418587861
ck_ca68dec0c7df5a12,0.006636522715906486
ck_ae3a763997f8f385,0.03515609935625729
ck_a38bd07a5fac5c9a,0.0056504416686373
ck_a73045e96af0e4fe,0.025435806462029732
ck_f29dbbfdd2786bd1,0.011426857552771359
ck_a7331e8b808c39aa,0.07368966276650751
ck_16340be3f2a7fffd,0.001908420810322251
ck_b129261da9c3c3c9,0.006919393646764279
ck_07840bba5570785b,0.035079292992747084
ck_abb056a9deab275a,0.0205106707020115
ck_126531a9126c17c4,0.0041403905387735005
ck_333a43ec339a04cb,0.09441976913508471
ck_34a6bd3be642f15c,0.012946079296084165
ck_9c46711b14d9eebc,0.004763569611708015
ck_3acccc69f8b1fd14,0.10378925959084304
ck_74665e1209140ae8,0.028866056603835444
ck_670dc4910cf476c2,0.002730818588496955
ck_7e2d6b22a0ae20c2,0.06544341669076628
ck_723323f6870fab59,0.04693928720532397
ck_c8affb27ba7fb5db,0.04899664444593375
ck_e5f8c8a5824db594,0.019894952429179668
ck_7e5f02b51b9f78bf,0.09867840286221255
ck_b7e25ddd41514d4c,0.002881372438657167
ck_0e0919292ad33472,0.8172996500022551
ck_e35a4b4a3cb4cedf,0.01701584491096072
ck_65be698386474170,0.0037922028210507904
ck_0cf220816e320ac5,0.00505299094262225
ck_0308e0602b856445,0.002462700820282911
ck_5e1b81848718bdc3,0.031664353409157936
ck_2085433978e72ea9,0.10744616549552605
ck_b5e4c6dbbed1b773,0.029567016456884476
ck_eb9f0c06ee017ee5,0.012468165461587973
ck_30dac0a58c5590cb,0.06344555441754025
ck_05e01ab9c95449da,0.04194153645081734
ck_f409ff994a210601,0.02858618652225737
ck_05652e8ace6ce6cb,0.002810301145053742
ck_f4ec4a935e51b4db,0.03688271696614179
ck_df5aedb4118020bf,0.6839251386002071
ck_1dcaa3078dbb7571,0.002834479751251338
ck_47e1032f490bb018,0.012356045700926868
ck_5ea89567dfe78e4b,0.016211754464612992
ck_1225a97fc413a419,0.07227084572874232
ck_2296d7a563424883,0.024048696089216406
ck_57c07c45269ca8c0,0.008162135576702865
ck_7df3f8f4f1068d62,0.006532199147953866
ck_558ebde8c29132a4,0.020320518129029616
ck_2d923d957ffd4d53,0.020692271823113607
ck_6ddb55b1f23c6cb1,0.052348583135830726
ck_93470896f0804b6b,0.7193945986926703
ck_556c62e92d4e7e5b,0.08721261941745533
ck_a059d00cee5cee99,0.0043134891566480775
ck_0174d76398d9dc0f,0.03227220663610534
ck_49e253ea12f4e922,0.03678065925825316
ck_f7276091bf513d22,0.0016860477225481927
ck_d321249fb065d2fa,0.05574523195221803
ck_e0403d507519b7d2,0.004965370682872019
ck_0f3de7f074bb33af,0.005921182615207376
ck_bec8324a3587ef04,0.0042818551856934044
ck_a3c25d6cc7478068,0.008016848694377741
ck_2ab7eddee2d8c49e,0.007590274828204944
ck_e475a3b8ba870a7e,0.01226909799562954
ck_9b2b0e286de78a1b,0.022620788754804732
ck_5cf67a3a747e684d,0.22122543653565863
ck_9401f9e11f65337d,0.04014398437744139
ck_a0e5656e1cf9cbf5,0.006737562637129366
ck_398a1ed77b0130e5,0.03847127396084787
ck_4f5d022c99f118b7,0.0244624954053114
ck_630530e50764f229,0.02126488614908226
ck_5cacad76e02c8e3d,0.6952261417499342
ck_2cee2dd7bbfc09a0,0.9041888781318586
ck_9478dfe4114c30f6,0.021888889217477153
ck_2a09c7aa870edb6b,0.00394378007483435
ck_d5d225ce41a1a762,0.020876059186088494
ck_76091f357974a152,0.00658694554746252
ck_26cfd7c3c6c7bf69,0.022623045447439618
ck_8e54386f4fe22cad,0.031904987633580774
ck_22b52654776a1ea8,0.987149127367906
ck_822d6e8e43befc72,0.5490855457629749
ck_15eed0f5652f0352,0.010006327861132482
ck_6bc351a3d57aac54,0.013402629171784475
ck_bc736114a31088a7,0.017970371185672577
ck_002cf760d173f0f8,0.021594978360454785
ck_8f8e4fb9c6190272,0.01693502318109416
ck_a39d0bca345b492d,0.006624983181593328
ck_216e87a41de22b5d,0.046415835583269935
ck_75296704f5806f56,0.04164455504644759
ck_2bdd8616870e5e1c,0.004039901643265092
ck_798157bcdb9453e1,0.006320693541708237
ck_9a1e3ec9a1839939,0.028983880575328996
ck_a9d994554fc14a02,0.0007925537334813463
ck_410c3e13b48e0415,0.005473418694133202
ck_d4febf0083800424,0.03606383517729589
ck_9527adac182abe57,0.8343693931465088
ck_4087065be2a45ad7,0.07052548887894182
ck_c0e8560ccfd9dd9d,0.007081128524112461
ck_8d87658a6f5d204c,0.4174551994825537
ck_d973444855403e2a,0.01439878597651231
ck_64eefec062592c43,0.01336803098512195
ck_5b86fd14e85bc9c7,0.9147632651601272
ck_ba175b1bd8efaabf,0.004659577805481501
ck_7696e38b3e4197b0,0.011367921778339521
ck_51bbbf8f8e8ad005,0.9972483186623078
ck_df935d8bdd44883e,0.009148953254121154
ck_a0714f98001efa0c,0.019670072098087906
ck_8c9b57ad2a991416,0.011868321154933355
ck_c8c1bf16d9113493,0.03399771695797944
ck_b89cb90a420c9075,0.008869746879215563
ck_f0424b3b36bdbef0,0.052154632503886265
ck_8e89ca8b39f3f8ad,0.004227538229183166
ck_9c5feef7647b0588,0.0097207701955413
ck_374865697f1480eb,0.018535248559447947
ck_0229a07185f15469,0.011957160486640772
ck_4291fd9c1161d8e1,0.03712757214630107
ck_61a59a7944d6c53e,0.7985989505582463
ck_f21efd504faa654c,0.011479730745137664
ck_64c1633297f43788,0.0053999526651335
ck_991c4c924a1d85ff,0.9059403166776647
ck_2dd39723c4088b64,0.019739400692785385
ck_65f76421be648549,0.02736792595859054
ck_1b93381d8eea58d1,0.005009388146952618
ck_8572c5f5c1447c62,0.014995234296983052
ck_80b8fca67a14e0be,0.17994973921045135
ck_45ed5ee496ef8a67,0.011655729307178297
ck_36979996f33498f7,0.5492147630409372
ck_219bef979ee21bdf,0.00373064425428746
ck_7a6cb27e390b6ceb,0.01478824032231754
ck_d07485ba10514a2d,0.146743145967748
ck_81e21354e477eceb,0.025253973914824222
ck_df39e3b8a9fd0bfd,0.8399342260370417
ck_49839e761d0e74e9,0.01530387291855115
ck_9d7b9e3ff1f3e71e,0.009567396094999623
ck_f63cb5e8cc702bad,0.019397717787071948
ck_cb856e75c949b0cc,0.002207832497990733
ck_0fd9312411b0ac55,0.023032164898266004
ck_9affb0f26776b642,0.009297842669299406
ck_c417d06f3e94685d,0.012524823697434559
ck_6c2453229d608183,0.0168083725474388
ck_1867b1199c864db5,0.0686305091175268
ck_8398adeaf41f9cae,0.05008617023959734
ck_796d3eaabc667c23,0.9656946541938248
ck_b4d55bc809000276,0.013837691928149574
ck_839bf139296b5cea,0.34390484427363066
ck_e57b94fe57341058,0.011731875625709398
ck_8ca808cc5a49cb5c,0.021534978634152182
ck_f4ec334be5266378,0.008686984161738303
ck_61c3e3e277629646,0.014252980087370458
ck_483fb981a1fb4317,0.0077547817344080835
ck_71f382d5e338daa3,0.010325110212255092
ck_124a197be41687f5,0.026366301970524905
ck_4e4f99102f6938cf,0.010551416138080603
ck_3add4d23124c9290,0.004008167893050276
ck_5c3f13de0dbd5086,0.03287317940877547
ck_921ff5ceaf40a968,0.029184331721544346
ck_fb0c138c003e933a,0.0029588170431149525
ck_5177fc7137ff26ce,0.0031877185485361037
ck_dfd4e79aaa967b63,0.010389444080533862
ck_850ec97a5a0dab9a,0.03812844118915567
ck_d1a1cf4cf61d6801,0.017689056490315904
ck_646b15f753e5e9c6,0.028565988690988527
ck_60f4fb44f5efe3a0,0.004666289916426297
ck_b53084ffede19a8e,0.0039097911971866005
ck_5b16d67c5ea89930,0.022538437621676503
ck_a4ddac49657a4450,0.03731080881138096
ck_f917c82af80e4a79,0.076898859558433
ck_b87ef4b98cfcec4c,0.02501163243880527
ck_877c85bad118bc62,0.1157195997853378
ck_42317c3eabd0a285,0.07203412159048869
ck_a5bdd026fa9c50fd,0.010592107438451178
ck_7c88d3d377bb61bb,0.05347325349855065
ck_9acd98f4fe2d474e,0.27821760253872074
ck_6d64193681d2a94f,0.034976714625109005
ck_991b7dfd69098320,0.0031076055856664566
ck_c5ece5ffb8800ad4,0.02200478657753111
ck_ffe91d6f0bd93fc6,0.04115917076118061
ck_14f9535e53f9c7a6,0.012715952821473748
ck_e35b2ed08b9e55a7,0.010115609058310143
ck_3ad6e7bf452c9b21,0.032706752508660876
ck_ad8cbe6e27e47ede,0.019154389071372804
ck_29fbabf855cabdff,0.004561144666471081
ck_700cb620f300dd47,0.014332370053685334
ck_b1cbd6679c0f8d95,0.009004068460183725
ck_708fea345f68037e,0.012685201696301671
ck_b08247c3ad567d92,0.6303922246124619
ck_25fea39897f2a559,0.016919324138916815
ck_9eb80edfa43203de,0.006848550463797535
ck_6cbb011e0c70bc7c,0.008836183065702706
ck_309a432c160a17b3,0.016553965863400827
ck_e949a0f4df0b3902,0.7126397528777364
ck_4b123d6931b6d0d7,0.8570233120633731
ck_13677a1957078827,0.004204820794279892
ck_243bd5ca8c4ae5d0,0.00466270827140666
ck_360237c1bd30f4bd,0.021956954727842936
ck_b17c239f160e6017,0.020391714291144006
ck_c91a628236baf91b,0.06417620754294595
ck_182dc4a2f5a366da,0.0030352431189688686
ck_9fba80f56f357fe1,0.05515990873211278
ck_c1c5ea839c58958a,0.034142332071999223
ck_6a0684436a1e66c3,0.4630271130281183
ck_63d2978706e193d2,0.01723111101728047
ck_8703543bf3134306,0.028167104971929577
ck_d79bdf04d6f31cd5,0.0031576203959116133
ck_b0d33b5a3716661d,0.005683388267630197
ck_bce253d2396681a1,0.023515400608326867
ck_9be551300209fa83,0.01137800146026973
ck_ec3d12848ced99f2,0.021187306640016217
ck_ad305286702b1958,0.0017947594616994165
ck_96c7d52ba0a766ef,0.04395405785596216
ck_e1d5ad20c737c745,0.053487700432030494
ck_7429b3f87528e335,0.01405349138591491
ck_cf606fd6ebfdf9bc,0.02008719179819907
ck_878522cb775b904c,0.05786053589136454
ck_218b7e6e6dbd2da0,0.0026732777514248494
ck_1dc23dc870f1773d,0.013780958093438283
ck_fac046ce336fe39d,0.007220537349625035
ck_0d846660c7957a88,0.01116357333272878
ck_6821459b626d492c,0.00683081432399865
ck_dc4db8b932df49de,0.03156123162653808
ck_c49832eabdac5bb7,0.006624498301256512
ck_c3e37a4d3382c32e,0.002803079581311251
ck_68b8b859a6ef505b,0.02416240774332092
ck_8d501a0386c66be8,0.08496992917099801
ck_86b853c52f20fef5,0.00609835160088614
ck_15886fe84866de92,0.02808668115277959
ck_92de019e05971ce3,0.029913193569787104
ck_af7ffd1a822460d3,0.14879215847568403
ck_917d82c552f95a23,0.02371519875368977
ck_74e5dec189761d14,0.0035055447436200407
ck_54b374ade34e1dc1,0.008955860778696258
ck_beb97e498e6cf8e8,0.02844312470253662
ck_a96aaef34173aee6,0.6762960070267227
ck_79ffcfee599d77c7,0.041894161443870814
ck_322ffda3332d08a2,0.025267508047598503
ck_3b1d7648d4580bef,0.02113188784177245
ck_6e4b99fb9725d9fa,0.01833289699606721
ck_893b8afbe11301e1,0.00983872019704067
ck_56b992c6f136fa5e,0.06916306263527498
ck_c624b9063400fa3a,0.05182748318886313
ck_bed3e3db135b782e,0.10992308663891566
ck_5d038ecb3c8748a3,0.009236128630481726
ck_77fced07f6dff42b,0.014697069106252767
ck_05d81b1a150f31c5,0.0035859579809805744
ck_285719c77eadf915,0.0058284377222321045
ck_664b5e02759f985a,0.008141262905882215
ck_eb48c0bcd12ea654,0.0294222112686204
ck_1bcff399166d7c43,0.009034291535081881
ck_e9e3381d5e0e5051,0.0032573338377460646
ck_f5f87f772388efa0,0.03125823059419328
ck_80b072b7f3c7e8e5,0.00884791459880261
ck_386680372fb54857,0.0065556796541826265
ck_d98934f9fe0b02b3,0.013606664758473375
ck_283c5bea94b21e80,0.006251856764267698
ck_8dbaaa00ad829ca9,0.018705661796126632
ck_9782c86ba6485f88,0.0028426075363969508
ck_83a69c4a5d55ef19,0.03838761517560702
ck_4fa85cebf707de2c,0.0019097514010808425
ck_ce1500a7f0d03fba,0.019348345889136438
ck_73d60b4630e3937a,0.00733228224179272
ck_279d43303708109b,0.02182861100070814
ck_64ff60c073fdb6db,0.023375388392177628
ck_d5c14e877ca7b755,0.004553814554724609
ck_7e5401c362b2216a,0.0018410357786394758
ck_064b2aa3f0bfdb6e,0.019599484197257773
ck_70066eea13b4c34f,0.011625645643573618
ck_f0d349d68249d5db,0.002148836818672674
ck_86bfe328e0a533b9,0.9521012024618263
ck_18f67c00ba21fbde,0.0078917535740009
ck_72fdfc7e6d8e1436,0.0032627413306161963
ck_75257ca7d7da2861,0.06215177372304611
ck_a0c3059a959ba5d1,0.021680216974669323
ck_52f641c9ee6fda70,0.003680359592940506
ck_7c6b577174af7a78,0.023723600656986872
ck_52174855b243a8b0,0.06461541013818589
ck_c12805fa5d970a83,0.05271702741683754
ck_0406931800e0e2e6,0.0048627513126302604
ck_4b97d19ed946f503,0.016261758071718247
ck_87dc484baaf5a23a,0.003163041835364458
ck_539cb0d117db8cd3,0.11970727389526387
ck_09f8f51bfd2492c6,0.009253692110050737
ck_05c4dcbb45de1f8d,0.009707542124348444
ck_37139b41c5370523,0.03810822184948409
ck_ec094eb1cbb3efc5,0.0024767272691795885
ck_db32c95ce2b6f502,0.9384581778668813
ck_7a02ee1bfba7353b,0.022011973862641275
ck_571dee4f3336c7ce,0.008520986623527634
ck_c3c69aefe7ea1d2f,0.0261396196356557
ck_de05f97c3d40dd1b,0.032426065657558505
ck_823539d936c55fc6,0.0019314577316269154
ck_97e94708bcf43563,0.014343209601643193
ck_71c68dfd011dbbbe,0.9258404589832502
ck_f5791fd8fd8fd191,0.04262605725995051
ck_ec986285fff05b7d,0.004894180497653428
ck_da3526ab6c5c884a,0.02057971046344193
ck_f9197b070416f443,0.007079138142742872
ck_4fc6256e0e60a926,0.02411297404134245
ck_9c0deab8a8367c5e,0.0022136463245997504
ck_f34fb7ccf82f41e5,0.007051628433493979
ck_777669e2243204f2,0.5206893479403661
ck_d3a2a4c011fa2554,0.006363448080488332
ck_ac84b33304362c06,0.02288780514823152
ck_16af4be191c47d3d,0.0020575933145312386
ck_0446920a1004c596,0.016105347844348847
ck_0c6a50d747593b7b,0.017526060759882268
ck_193d9c87ad3f1dad,0.0018615261364609186
ck_5b8315726f6204e0,0.02476183316410497
ck_f7e53af3c91fec64,0.04458021142855384
ck_e679fbf4f4f4aa07,0.006248866085195042
ck_59a14d2564193101,0.0033837450278643164
ck_0e9ec486bff403c5,0.01709350704230926
ck_f6b7a10d47dd9a1f,0.013485919005275928
ck_4b4d99e443618904,0.028703609349797723
ck_4f05daf1cf0d5755,0.0025045561844005797
ck_64ac5e6fed86ab60,0.9729142481542247
ck_01ac687ce0d696a7,0.016129264740822647
ck_5f9a7ff990341bdd,0.008407025011490332
ck_010d0c2e6c1657fd,0.049549076799063216
ck_4b2e87d86a5e415c,0.023719556380986544
ck_66f9f78d4c6a3edb,0.034288271058485545
ck_0b1d84252c0b46c2,0.011059291584489461
ck_68b5542459638b56,0.29821863464713905
ck_62967b91504149f9,0.006422053444110188
ck_f99bc1732ce5e999,0.020122831880995937
ck_c2017120b3b88a46,0.007081529169416885
ck_f7ff94c3df5ac874,0.02599276801913238
ck_25382331551d22a5,0.06175038268652003
ck_703b41624ae6a5b6,0.0077164399136404405
ck_e2c66c72cc0b0f78,0.11969654504676963
ck_28ac4c5134cb8e77,0.0381882756090247
ck_168c96a1a636ea15,0.023814218231201736
ck_39a81899dded61e4,0.013087098890670253
ck_94a096c36162a153,0.011292022133552355
ck_ee535461b5f05539,0.7857804618905292
ck_59c29d9c57b4f994,0.04655354197300614
ck_8982888dd6611143,0.0031286857868830357
ck_60896cdac2212bea,0.07521791202561634
ck_aa188e5c25f7f42a,0.02079403044534402
ck_1f56fe99f250cdf4,0.019927580553495694
ck_d0dc156441fcfdcb,0.026874677751683607
ck_395f3bd4aacd7ca6,0.01980168705551542
ck_5576b725de38d106,0.013061784099193735
ck_e2d1f212f259539b,0.010870689562161775
ck_3c3a1a1365741bba,0.0064008889308053065
ck_4f325dd15c9bd45c,0.08826859105645038
ck_66f0945add423e9e,0.007204376579284324
ck_a74f6a3030f5d495,0.016893226468145516
ck_d9ea77f4114a389c,0.011250070079494278
ck_bf15a1f8d67a30d3,0.017685606798457668
ck_bb643194d1cbc47c,0.993121382014352
ck_80e5ea27848069fe,0.014404330801526585
ck_635646a661f05b4a,0.0201084198983697
ck_bd80546b4807dd59,0.01707114626019396
ck_63743141ffa11f45,0.02182919573332042
ck_0b8b7c5c581fd161,0.0021169996163364676
ck_79d62ef181bd0cd8,0.01169108239992138
ck_562c76a3753fc7da,0.34699210280268455
ck_d66bb1f063357f99,0.006398383647434116
ck_89d7bfc81c3df597,0.014243091618695983
ck_fb0cf32c4a56f740,0.02730997442864614
ck_6c679602a6476ab2,0.006101378317360311
ck_71b37fe47490b4ba,0.004487574506438902
ck_494ec63c5ce8e150,0.06836430456009586
ck_92e474e4368c4791,0.07057254392700547
ck_2d3d6c9364362017,0.003124742435128108
ck_354379de065a8ff8,0.005350173341237911
ck_f7bde7265053364d,0.0236552265743821
ck_820219bb9c761b52,0.336667042148267
ck_a5ce2ae36fb410d9,0.004452556137291063
ck_ac55dc6cbcdf8228,0.009409177854377657
ck_f34c93a8173555b1,0.05486291964544626
ck_fb3b68b4424b5f92,0.09201216378582167
ck_d3f44bbe2f7e9b2d,0.031462374228116145
ck_dd9c5f0c42878e67,0.0037383083546367337
ck_41bc3efa0fca700e,0.020374667293023962
ck_4d1baef193cfb900,0.0400865924726324
ck_aecdc5a96321a2d8,0.02207922935912017
ck_e7c8a9e4641eb9ed,0.0016821389543205249
ck_f2350bf355dc919e,0.00931964243928158
ck_bc61c59970f8de49,0.02836145971747754
ck_389607982eb6b701,0.9185576306625052
ck_ace6b72e5bf3e93b,0.12699514652906946
ck_2afdd69094c955c5,0.051099527930516364
ck_fc9f16df35190eb4,0.1758071301485426
ck_c43b4175fc9ac5bd,0.7765801355271984
ck_1a4e5ace078dd782,0.040747572126993925
ck_232325ef6bce92f1,0.013985674503715073
ck_51c50c4c443df31a,0.6573798194909986
ck_126a82e8d42e5ce6,0.007825093448673126
ck_caa348f0e65db062,0.9832320095103273
ck_a6f61864fac3c8fb,0.019079959507464064
ck_694eb6c43193afd4,0.016414071568134736
ck_d7792b429620fc24,0.005123885395235766
ck_2208392a9f6bd249,0.02679325979413068
ck_8ff7a9b23a55fd62,0.019333366210096327
ck_8c5b29f6666d4874,0.03303937905959699
ck_fcf5b8216d0c18ef,0.012888223562485347
ck_393287947b5c8d79,0.019485263024601757
ck_3e6833574edf1736,0.0848131958144157
ck_8b772caed8f1541c,0.010535230907816866
ck_e914974cee1bccb1,0.015038132335296918
ck_4f1e962ff8a29732,0.008491201858254662
ck_f6923088c17a04e2,0.12879288280694032
ck_10f90d879209734f,0.015553368771554502
ck_3d6c3c00d854f5a4,0.05146107080933392
ck_6e8f8ef7a03cc6bf,0.02211285204204066
ck_833688de8629c5c0,0.0027496517554745073
ck_20578ac693ea4e93,0.051066644012909085
ck_43aa136bdb0a2832,0.720756873652893
ck_09cd5c4df1e81ac2,0.29837700375557935
ck_8f4b384955bf57c9,0.013589446375788423
ck_94b90ab8b2dfb50f,0.02185080545864211
ck_ea618f720ff0b4b0,0.009990086536828268
ck_6c83aa1d100a7cd8,0.05481735876185787
ck_e7be077aa0b2632c,0.003378482760288612
ck_e10ff5c38bd18470,0.022214264391542865
ck_0593ae243a9ebee9,0.012318215189943317
ck_b20b81b88dabe28d,0.004342183740382654
ck_2bb6a17e8eee35cc,0.03292697880268686
ck_8def763034187436,0.04112392004385357
ck_c1aebbeca6ab5ff9,0.008031757544110167
ck_ef307a6aee38d1fe,0.7810650259721976
ck_49dddb894d33f6db,0.07027199079432551
ck_0daec63bd5b0729d,0.02096717927685576
ck_c49b685d2b3ab89a,0.013659908429841529
ck_732d45bd578dc39d,0.011845350558540758
ck_74c3c3452e4e7cce,0.004459586426285541
ck_5986119e7d81e831,0.023047034707995184
ck_98d2f9a6ba3a3077,0.8436034762327798
ck_586001d3ed9e7fbc,0.0025258250518636503
ck_03be334935e999a2,0.005260473777705799
ck_9a43c0c73a39d759,0.042283673103862364
ck_a1c7cf63467df4c2,0.002604699399404079
ck_ad48826c1c26eb78,0.9456163747958535
ck_985c9ca112000e9a,0.02886392547318892
ck_aa06ed358e43db69,0.029606526819418937
ck_d21612d48bb4f7b8,0.022495171316902686
ck_9a9e3dac79280d7f,0.04704684342706125
ck_8250eddc1ecb07a0,0.049947337898751575
ck_d6f27eacbad310f4,0.014374098469005168
ck_27d69ff4e0cb428c,0.10260038964730023
ck_5e5461dac83531ac,0.018306056825946427
ck_d1bb8890081e0a31,0.02962855371239708
ck_cef2a485a77e0723,0.00426519541716447
ck_3e24b026bc66789b,0.001652100815302197
ck_8105bcf69a75ee47,0.01723963929905612
ck_6494f0ef13ce44d9,0.027069799846364553
ck_a4a7ef3ad799c380,0.013320445630089304
ck_a48ec0c00ae20e82,0.03778424113023626
ck_4717f24f2c6f40e1,0.08806405972671852
ck_54748ae0f2daaf10,0.021738007221440467
ck_ebd0a45712dcf07a,0.0380047789964047
ck_998475a2e4dfad4e,0.007927003585554393
ck_99c0a41ac9c73857,0.007133831550789489
ck_ca24bb0de508efb0,0.0276225237817829
ck_f2b8995fe5402759,0.006491622699710075
ck_d37d56e931105db0,0.01162771100239163
ck_e66ae4fd586fedea,0.011543174764374789
ck_c1e7d1021ae58f00,0.002142505388006981
ck_687ab5d5554bfa79,0.024716653850835678
ck_8f8e5e2b9dfec3d1,0.08078860116211803
ck_537cc97d0398c922,0.09477505680241254
ck_56b389627d8f02c5,0.9632070998601309
ck_48a6754977a44db0,0.005074403566696556
ck_074f20921189e7d6,0.007324239647713695
ck_f22aacaf86a65d7e,0.03442556703449812
ck_828eef2334e17b3a,0.019985318145696145
ck_dd8edfefa1eba531,0.003896063230680866
ck_66cd34bc568d95e0,0.028445929228038416
ck_c95c786d2f8b8edc,0.011968815862508862
ck_bce5b7fecfb6264d,0.08597832837091282
ck_d32fbbfe32c00416,0.011128071992069073
ck_bab5759b07fe2bea,0.004802043504094664
ck_c55afc68421d85e2,0.02724924391508168
ck_dca0b6ca93311ca2,0.07077118388916452
ck_e0571312f395cd94,0.011767229357685231
ck_fd038a7d33a9d6e5,0.004014026656485922
ck_ce66831f6611014c,0.02545922936284109
ck_09fab6b9825001b2,0.004353607648647803
ck_80b50fad7f255e1d,0.011127062985965353
ck_2a97db9377d01e36,0.011288246971380863
ck_9e5b7acf51b1b743,0.028917095682968307
ck_5468fa99c945d785,0.05938297905035178
ck_556786868599143b,0.11487126995494727
ck_a6d4f998dadc90c2,0.5100591024356675
ck_4d2159603045109e,0.008726905099868131
ck_a9ca2f447b984a6a,0.018072345552938265
ck_cd553ba6589d8bfd,0.014235483476460182
ck_830b2c5d1818ac07,0.03450155923577313
ck_80eb91b0b4001084,0.06171037065445386
ck_730226c2d216cacc,0.007902135755834606
ck_f07e27d125497b66,0.10197740223759005
ck_b68199ecccf2350c,0.0019553886571642733
ck_15dd3ecaa8ce0245,0.8922916460796886
ck_6dac66c8198c07d8,0.026806173547430198
ck_6b817117d87063a8,0.015637775315894737
ck_589109a188adc2c1,0.011485302688530118
ck_bb76609b79e0bc9f,0.009165497507759005
ck_f0cbd5383bb07778,0.033041411030968415
ck_02b9f418524f6650,0.017059888418584353
ck_4e9a6f06ab134102,0.015905196030039485
ck_7334a9ec656263b2,0.008333972001017622
ck_f80af368cfc6cb7e,0.0115034190225273
ck_d74b2ead8aaa3f73,0.021926033555557764
ck_1dd69a11daa7bf1a,0.10795667439001877
ck_7509eb97c1948b16,0.0053023209654830036
ck_a406bf11e48cf8c5,0.07083588271956637
ck_d1e3de178601d3c2,0.04130276048100712
ck_71044c29ef071570,0.012681490251879222
ck_a1c88c0568f142d0,0.11925965396296148
ck_dfc6f5712d8d6678,0.0349210295204401
ck_9c56114f84e9a541,0.012532154660730887
ck_d7c28eaa05bb7144,0.011332189797489178
ck_3a30132a57181fe3,0.035251935209715195
ck_48d0fc4f6a2109fa,0.9915264097302836
ck_c0389ebeb0e65cb8,0.0035535335317859757
ck_b4c014d5c0cc9eb2,0.006133673216534449
ck_a4258806a533efa9,0.013863968721184759
ck_363751deae40edfb,0.05751639979169251
ck_c1295d97cdf35ec2,0.01964359099672638
ck_648c03f9aa4e45f1,0.03769601311364779
ck_65ed7e72f24731e7,0.008051381450573445
ck_633e6579f5c74a5c,0.950246831443857
ck_45cd5ef6b359e9b4,0.007545617181387047
ck_2e679af24adedac8,0.007211207126904857
ck_9e962f9bb0e7bac2,0.027097778535486124
ck_bef3193f124fca5c,0.1373975537824706
ck_a907fa8795cd4baf,0.0036626055472192692
ck_f280d31f54a4710a,0.051327339451811206
ck_8c582eb0f6c0148c,0.008874267450716195
ck_4807726e797fb893,0.03191929176538313
ck_b3263e7f31aab45f,0.0336602633100325
ck_3fb9813849e51837,0.019056205345248097
ck_eefcf0ed15897898,0.012451221930666872
ck_bc996c523944644b,0.017790417166377654
ck_74b848064f2ff45d,0.0061965969625189955
ck_5f9e34c849704b95,0.0060025718265888555
ck_fc7a9d0643570053,0.003550530993802523
ck_f437a53fc832ec95,0.3258453366664922
ck_56e6cfa32156a916,0.007862103983419808
ck_2e1b46c5fc56b863,0.06371854379486755
ck_1af2c0b3b8d202c1,0.006955151578881267
ck_27b07021500ee841,0.027523987633625915
ck_148cb0c723284dc0,0.009109164487560332
ck_70b9274473bd6dfe,0.004012451532650236
ck_fca7cc9c42695453,0.012778955750449118
ck_8d9518f64b222416,0.005115378667408113
ck_f1e1c8491f16f912,0.00868182258000034
ck_d36733da917115a6,0.023040924917195393
ck_a4691b57f837d88e,0.01719886680815818
ck_e738e920bbd74a7d,0.01205308160292579
ck_6d26a152f900fee8,0.0108468378970069
ck_630c835243c66b19,0.9921790479212861
ck_e88e86b19cada4aa,0.028368915591867997
ck_15918075563eb074,0.0017240553408210003
ck_9439bff87e616d4a,0.01066500479778486
ck_993beb188dd4abb6,0.016246968502586157
ck_dff090f03ca5529e,0.0021509559475311104
ck_3baae40454c00938,0.00960767311131451
ck_6ab83f45bf16eaa6,0.007219439107027747
ck_77fa39d3b733c226,0.20596994863951568
ck_daefe1e2d2bc362d,0.004782387336954111
ck_f01e94331067edf6,0.021352669214430714
ck_773efe58c6278c3c,0.17982529781043452
ck_f7a7f8f5903617c5,0.013741752639204421
ck_fe037765aa465c58,0.014135262015414889
ck_29f3a1737a2d9634,0.01851665971282092
ck_7825494e654d5695,0.03214146786260289
ck_325c7643cce02da3,0.026321240854741898
ck_01e0689157fe9617,0.22958514890813791
ck_7bbe1dc8add17ef0,0.018539187716707456
ck_e0ca2c819658f6b6,0.9836827084033579
ck_2d14bcd2e0fc043d,0.004916466222643367
ck_fac32d76ed40f683,0.020273647076931973
ck_50df50af592b0c06,0.012844010191194861
ck_23981a3261674131,0.009668183770631961
ck_3a4811dc4a1a891d,0.005143484840832621
ck_4874bdec79f9106c,0.018533746989485938
ck_fd84507228467b40,0.07612744239727308
ck_6a17384072f904c0,0.006603045209967264
ck_74991a9e85c3b07d,0.01903744291191638
ck_520ec32c4f253604,0.0300868138567304
ck_ed01be7504dc4187,0.08289650890305261
ck_c6fdb2972417c9bd,0.027969258454838983
ck_74a06f347b32347f,0.011001547309263109
ck_1e7de58822000dea,0.034691606015999917
ck_cbe716f351d660d4,0.01790199531301516
ck_7560f1891d66f294,0.0019633284354159874
ck_45f4c821c70d134f,0.28732489047226806
ck_b1ff9edc51d42f97,0.008409686053885602
ck_114141d85256c9ff,0.001961915328801642
ck_d0e95b90ba86da10,0.013953745197727432
ck_252b0a0f1119b220,0.0027456421021504144
ck_28dc0fdbaec00580,0.15040459950013838
ck_650020c500b1b50d,0.016509637141660018
ck_e77529651c416cf7,0.03815544466730922
ck_f0982bbdbd122f91,0.010862805027560223
ck_f439f16f8693883f,0.013441991862007306
ck_e30cb64302939f38,0.0378259137404772
ck_873ceb8004d3a9f7,0.031040820868869095
ck_db6d1c6d31da967a,0.004638319920053658
ck_8e7a32f7e3905f4e,0.026700568687378707
ck_2c91f62c05685ed7,0.015343293472086843
ck_7f79878197340435,0.011100912134904814
ck_23ff85f9d2355e8d,0.018167543100813144
ck_b138fc249e659e60,0.011470030401367685
ck_b911a09f328dfd4b,0.0038201599775595898
ck_a2858979dd5645ef,0.0038306161659518627
ck_f1f2c3c623553f0d,0.001972965800900812
ck_30f4b2ee8abe1342,0.04208804398576419
ck_6e8751b571ea54d1,0.016679429164376064
ck_e901dec0e09eccbb,0.0032007928663974772
ck_10495d3a635b8d69,0.027206598112957447
ck_4f5d7985bcc2eda4,0.00528789516993837
ck_7df526b2b4410bb4,0.03450566722018097
ck_4e1757d1347ab387,0.9935002370195298
ck_79b8523137bb2603,0.042320160524853295
ck_891530b489ce402b,0.004441096320317563
ck_41b954c7a948c060,0.005448171754562329
ck_59a561f3df01441a,0.4868358644115268
ck_96e4d38ef670eaff,0.02164629536131251
ck_eef67f8dea702338,0.02636497108442839
ck_73e24f5a8da289b3,0.038574098790414374
ck_52cc2fd5095b169d,0.017957760783001382
ck_dbb498b1a346a402,0.0029656898396904063
ck_f253130dc3ca5b3c,0.01184017943426768
ck_942dbf632591b65d,0.039844323390518445
ck_ab4a8d02ec3c0fd7,0.0012360441368707562
ck_7f780f465c29398e,0.012338171032689275
ck_adf84b9df54c3d80,0.031656351518692415
ck_1b1df006b81d38ba,0.014057208877054993
ck_3be72c9c178fa00d,0.01159774652711652
ck_ee387f9da79e67ea,0.02453163475761492
ck_731869a0c39cb2fe,0.046739845533121605
ck_f2b0e7a47f442557,0.3560713547771871
ck_4bc42878fa180991,0.03318308748153164
ck_5f3609511443e5a8,0.008342878663152463
ck_b354003302b272ca,0.010800742742499255
ck_1c771a7c78f6622c,0.03284262316591983
ck_466dc6274fecd708,0.008978274064769035
ck_89c74feeaffa7d09,0.003397328030527223
ck_1ccdc69d0bb712b4,0.04762991967995187
ck_b22e3337b8e3dbb2,0.005429874039129643
ck_79c7f0d29b1db1cd,0.11409149018294165
ck_84df6770549e43fa,0.025531770924624976
ck_3c6417a233c68c73,0.023066381121451263
ck_f7485cba392bc294,0.1220440120787729
ck_46bfb2cfc29a6d2e,0.011317977664892504
ck_e4cf189a8d31649a,0.007897436980861643
ck_770475876d0e7e6a,0.021124980317101395
ck_c2b61a98d1c8f6dd,0.4514876654623722
ck_8ae64df60ab6ccda,0.013093817741632329
ck_507e40760a24d2d5,0.0425166299189718
ck_a1e77090b1c6ccf4,0.007254574688217182
ck_09aadb4c41b166f1,0.055554066538523586
ck_604c17cb97dc89be,0.034428777402474874
ck_8d94fbb4828ef326,0.0064173526102145415
ck_17c0a6a92b5765cf,0.01243943137493026
ck_ac79c72a8fe3fdef,0.023794390575116554
ck_b8cc2df5192bc49b,0.031287510454173606
ck_3132857aec8485bc,0.0018454864605832112
ck_b6cb8d6ae828eed1,0.016616040257722165
ck_2f82ea66c4f53b33,0.08217863459864655
ck_1de43fd6c6c22a5f,0.03472388111032143
ck_0348cc6908f7f3af,0.0013096251832871689
ck_6e676daa4855b58f,0.04333689401530651
ck_2a37fef48b44e9c8,0.013408369705640643
ck_bfc2a57d8fd1610c,0.47078141271302454
ck_c1c7d4e62c9fcded,0.16009139381379667
ck_36e72ef9273e7a95,0.009579569741740122
ck_ebd178b3f3a9c50c,0.032922088709186566
ck_c89b9ca398402f1e,0.0029151385254719696
ck_bba413492dc46f2a,0.02735697185503433
ck_e971faae8a10a260,0.005258966683526781
ck_7e6569a1b2455cb0,0.005275335607403938
ck_744ffc11d32b96bc,0.00915420845488344
ck_435cb24538c6f77c,0.0250514190191115
ck_411219470d0a195c,0.015894997305620384
ck_6f730b77dc6cdb84,0.015743036000244813
ck_aa4ba931dd37481d,0.012884975973701814
ck_aa59702537557ff1,0.03442288233666365
ck_c58d9151834f5bad,0.018221249945826763
ck_3a0e0200cbb185cb,0.02796326563940301
ck_c98b16f9a72a6568,0.0027310987180707643
ck_e5cdbfcca2456652,0.0036281848538366546
ck_ff45764ea7d6619f,0.029656188987200183
ck_6ec39903f765956d,0.05499101892278983
ck_9e17699baa83d173,0.00637718863707943
ck_1fc98436281ee39e,0.0039986701827264375
ck_76ebeb5aee42f041,0.031216328641431795
ck_562320295fa35875,0.007101819056586385
ck_84c402b23766e1f2,0.016245055151766028
ck_8d0532d24f1070d1,0.0013654351081900486
ck_32a495128395fde5,0.013723895293023102
ck_f067470743d3c7a2,0.046978943677430406
ck_28dde633692904b0,0.05751708748417179
ck_e61c8721e3ef1921,0.011756015326894591
ck_4e333c09f0c37dee,0.01027821787066197
ck_3d58628d1c853c8a,0.007801019922179321
ck_3265442528d51728,0.01649912906266403
ck_cb1c00c300af3f9e,0.017787887965459652
ck_7ae86b5a885affc3,0.0485514706278445
ck_a50370907e6b397c,0.04335323195769899
ck_df87d6f61a63eb21,0.01309918787357877
ck_85bf21aa1a00452f,0.005639668046174539
ck_b9f1465d803e57b2,0.09942711122329603
ck_91c2a5fe69b9b1d1,0.008994419639275948
ck_f3199fbe84a28b9a,0.024044887017540192
ck_ec3eb6dd0967cac5,0.046675462683066035
ck_5124a2e415384945,0.03910210927275819
ck_073509af21dd7f5f,0.8618685130572113
ck_617b65141f546a1c,0.011579881420880256
ck_fa4b60387d744fc5,0.0029854389022503248
ck_98068c397d70dd3a,0.025089536885303992
ck_aed2681e1646a0df,0.026892399851388953
ck_e98429675b46272b,0.012726321055293945
ck_b25657bd16739036,0.00955105587099555
ck_75217ee144b715f8,0.04918550212678545
ck_b359192aa659bdce,0.02027718464577466
ck_82181b935360dcbc,0.985504939146763
ck_52c0ef68aa2fb8cf,0.016647418939180075
ck_06f042e9b1b662fd,0.051949451347276236
ck_c0b5cc3e8ad2ff44,0.018349796001393096
ck_368b968b5f33431e,0.0032777859182617497
ck_6e44024e9de301c6,0.0019427013284260529
ck_f5e02a3432571b20,0.03214952930344425
ck_bed0c020b10afa3b,0.009693256928845824
ck_7e63168dda612235,0.041110489337509264
ck_4c25570eb72711b8,0.003188560067675523
ck_58955542edee1adc,0.004211489179009907
ck_06d0e4a9189302a9,0.14300630745337584
ck_f1b80b821a20186d,0.013262655951417913
ck_b5c93e6d34f8d366,0.0038622320456281876
ck_69587a134d43a4ad,0.0649738516460515
ck_70a932ab39d86a24,0.0017943466837579145
ck_96100d5e8e051e91,0.004970868130064858
ck_b26e4ae47c9107ed,0.760589913067945
ck_492e4b89c61b7b6c,0.01763442396772383
ck_36d78ff3bc033ee5,0.01528072456070801
ck_9c9884b9bcaa552e,0.2603235520789631
ck_cfb11a0a2325bff5,0.008345650728064938
ck_598e036a28262aeb,0.026014309418171455
ck_8176616132458c0f,0.017685377498407998
ck_4becdd3d2696c7ba,0.00699916320946758
ck_7333cedb61506ead,0.008928261135868141
ck_a69ca7b9d70972bb,0.00800710469888353
ck_e032068be7b77d15,0.03005946762683326
ck_02ec4e06709e6b82,0.004171977145031997
ck_13cd943777651aac,0.025031361696671087
ck_29640fc2fe81c251,0.01871280650068563
ck_00d1ebc31ec4653c,0.028952953659685192
ck_7c872c99481c1e9e,0.01212184799754622
ck_b1dba768dbe7affe,0.04851316075475864
ck_7c3a6a82f3c3241d,0.017490874575182686
ck_c924f36bc1bbbaa3,0.018155004913350665
ck_0a2b7078736b4dda,0.016094149816262133
ck_5b5dea6476d4e182,0.010651328974523908
ck_f271e855925e8d6b,0.20580491032324238
ck_97a8dac48dd62488,0.15373507193501135
ck_63133a79f23e2627,0.024402336628113322
ck_9b5ec0f78e160e65,0.005489504186758596
ck_7264486eb512d84a,0.016331463408458907
ck_a50621b5eeca84b4,0.008646798186584193
ck_901d820e0b72abae,0.00397780463498877
ck_9d1a5cf5a3b87e48,0.011406965215776891
ck_e291cc60920456d0,0.07128306239304624
ck_755010362a9b1bc4,0.026804166278076948
ck_8285bd3c90af94f6,0.017429003089112164
ck_a60388296a47062c,0.027388155724413426
ck_d3d5b2717cfc3913,0.07430358823084185
ck_18d214b1418be39d,0.00714614154879128
ck_6d64e1c07b19856e,0.02232520040074268
ck_0a993bc947bab61f,0.08371587633362522
ck_7501ebbf4e21f160,0.013591275269140782
ck_cba4162ef29a6d27,0.020512274614107276
ck_26bd0f8898afc8ba,0.005139639389388204
ck_0a0cd7f4be606a93,0.04471264289534417
ck_f2c7a4c50e2ede96,0.016276758060134212
ck_50d0bb7edd8c69c0,0.03465102564149476
ck_5791f8f76a629a4f,0.0331813980699839
ck_0bf35dcf7b38f650,0.00361113473056869
ck_646dc03de4c31803,0.9143486509808176
ck_d4007b5b26d9d854,0.0016513894963706924
ck_943f66f28dd24750,0.0019314851731697042
ck_984dd7452aee372d,0.02639540400752642
ck_ecaa6de0aca5e9a0,0.027824268466477297
ck_2225b555aa2a42ed,0.036937423513658106
ck_f11f7691af16ad07,0.004993744950806225
ck_57849e15b61c43b4,0.008626890833362842
ck_e6b95ff91116a592,0.006742324609617799
ck_184983177b73dea5,0.010690846714944089
ck_3bd12d468fdc2450,0.01096249967925708
ck_08c7bb0f9851cb76,0.044620166743762464
ck_779581adb573261f,0.012372538852590004
ck_02d4cef6358ad3b7,0.008293974319748054
ck_a60a61ac829252a0,0.006221312720377873
ck_942b95988a6245a6,0.07814040169951254
ck_6ea70950c1cae00b,0.49149578701976804
ck_f823407ace7ff064,0.05389174190881155
ck_7c418947124dee8f,0.04777331127854583
ck_bb0713a2a1d65982,0.028662066455628014
ck_a85182ad90b6f1e1,0.004909251442622528
ck_e267999226b6321b,0.001887429610824453
ck_4ba8bec14c2217e1,0.006477694581825673
ck_174be2231c5fd2b6,0.004741535008002889
ck_610815786d729d2f,0.018514857093824187
ck_e9b75ed7567a3f23,0.03888610007802614
ck_7c5529bcc079600b,0.025376559460432796
ck_5d16e257c0635f7e,0.672484893455235
ck_c830f3830875b47a,0.014990841998930172
ck_2caf553b31831a50,0.005501454588778999
ck_90696b7182dd9129,0.009514852240576339
ck_38e4a74ab256e2eb,0.011273034823066855
ck_cdcf6671b37c9c92,0.01453968238491228
ck_f0c18cb9f951a71e,0.02370099591670928
ck_d61d97b21002f3e9,0.051730623786022674
ck_cd09375e6c81d2c4,0.03584573138719214
ck_a79a27767a02e31f,0.07851212062186604
ck_0943e0f305078e34,0.9932435240560993
ck_fe3b67041dad2dd1,0.003093290880928673
ck_3420f2fd520890f3,0.019600827450084166
ck_3e91dcc209431984,0.028184874482527877
ck_e4d6dedd97233c07,0.02683129845566827
ck_19db0bf788697c2b,0.016971680309529023
ck_4221e07b17388fd3,0.033710124516476744
ck_5e8e857b63966609,0.47955152908946164
ck_c8806749e263f70b,0.0033965744717857163
ck_233a487d31c3e631,0.9909647567096198
ck_e2a2ce9b8cf44c63,0.04186684193486464
ck_e6c8611c0cf233d7,0.00621723202719672
ck_4fecb87eaffd5cb5,0.009626113455218415
ck_f91d48c40337d375,0.015382788301279
ck_79c30169c71b8033,0.6884915430732612
ck_b0ed11080076e381,0.012514876338445707
ck_bd2545c62f258231,0.04975681568603063
ck_d69de468b44143ca,0.012353800074931504
ck_55fc62a5f89a7251,0.011287074074137137
ck_c16ab1e4dafb4910,0.10020858787287668
ck_069d158665a53909,0.04340054632059065
ck_ee4ff3aeadf912c1,0.006377270652250905
ck_ecb1e15f0b185ceb,0.04106783044400472
ck_e76db7d2562f9836,0.028327369195299414
ck_d1d079913aa158bf,0.004533902219125315
ck_2cb763a881aee27f,0.0058984804812214
ck_19becd44f2c3d2b5,0.03273014338208385
ck_5e20953547ba4135,0.06107563281943015
ck_f04761b4a937ac3b,0.014162882476472639
ck_7d0fe77dd5ddb656,0.06961308532203675
ck_78f01d78ea79642f,0.010607730260387617
ck_ad54292a0b2f44ef,0.01212428350420363
ck_66bed631354de5b7,0.007331606665500645
ck_417090dbffb1a63c,0.02972536245206736
ck_d0935b571a4a3868,0.027824068478085398
ck_dd0e17605f970319,0.01540365912682337
ck_2dc31db181150e20,0.0063952499645364355
ck_b568ba3837afb39a,0.003891572122722948
ck_8de69cd219d3b87f,0.7978798386972339
ck_3d4913a86f207fee,0.09982950390403508
ck_ee949c71f4f702eb,0.9864528973479187
ck_01645ea51972e99a,0.018048156299822767
ck_a60c618b7f0e4252,0.02406993794584478
ck_3837ad850996ba60,0.02770118687834846
ck_a524071c51ddde20,0.016031674049084708
ck_0af57ebaa45877a1,0.011652058388304076
ck_a7cf6c3b322f6b7a,0.006686338126685725
ck_ce0ec41f96951048,0.015127987396361049
ck_5c3a671883d58b3f,0.002960112631806561
ck_7905fe8e257b0449,0.13343525350110552
ck_da6d1e5cf6aba6fd,0.012087396327273927
ck_6b67fe8e310ab865,0.015854080495157245
ck_cbaf8a954281d4e3,0.9261790291565198
ck_ed26d906883bea0a,0.013280091892690256
ck_b621b6ffcc7f4848,0.0059488820418310585
ck_ef6f8e048ae1bd4b,0.0096867496089679
ck_2a09d142de1c77ff,0.02106878968102703
ck_c340644176ca03e7,0.024951317897960883
ck_bea2cf7a6b7bb900,0.00850527705516101
ck_1f136a4476b5e775,0.02063477394231317
ck_3759939a0205306d,0.03079014450205464
ck_ee13c091bc379188,0.015538376734907473
ck_d58e058b5c553dd5,0.019899575763685687
ck_396e9ea9a6c6d7d9,0.017026798401273135
ck_402db4184982fdf5,0.021699303140907605
ck_a037aff5f8128c73,0.008124220822250661
ck_8f6cce9f69912983,0.020240816110409954
ck_8758fc6622bbb7df,0.022381663690382803
ck_6ca018259f70858f,0.009245209142781787
ck_63379e3c9fe6f711,0.030501354329388573
ck_5aadd286d188f5c3,0.007797870405389475
ck_e69d27e8965df0be,0.0020486255482698
ck_c67f7944896a0310,0.07359896081108255
ck_565e3418d2f4061c,0.008033894987270255
ck_58eb871e8d7bed52,0.10071020493136015
ck_d5f5b0dc97b9dc27,0.013757263741505031
ck_87abe9cd066a20fb,0.06463083493521461
ck_ff7e31ff8ba731e5,0.017125857845456113
ck_f73273e220296be8,0.022434873509330367
ck_73f4eb09af29b1c0,0.01974900819496178
ck_49dd816b31fba6b6,0.2526331718481747
ck_bdd2da300b530c5a,0.0152828340148219
ck_8a4952de8a123ef8,0.009680235169601314
ck_49170c4b31a20f5c,0.00290486756050316
ck_2b7cadbc8b180d32,0.6550501223085529
ck_eb1006e7285184a6,0.028437239312527004
ck_646d8d0834782d6a,0.14026928266399932
ck_1b823610371a29c0,0.018705867975019382
ck_8dde670a735d1e90,0.09065546957597868
ck_37899b1b571b1c6b,0.00793452509282306
ck_82a8bdd2692c2a5e,0.007540778127620473
ck_5c67f27816ae0b6f,0.009465243075625922
ck_fb6e06ca88519dcd,0.011881386641587527
ck_f2c33d5b65b321db,0.028581474166620283
ck_ca1f6f01868e978f,0.030386209301858612
ck_22bfb9246646eb41,0.7929422299756126
ck_7cd9f39c50748ed0,0.00961116472601149
ck_62fd7eb46bee9210,0.024206638687625705
ck_c3c19d6a0720915c,0.002185884314485523
ck_7cd0634a6e60af83,0.01579229617967149
ck_2733fc6ba23ae46e,0.0380548661941252
ck_82f3f744209888ac,0.014671450306177336
ck_66eb09be007f0755,0.030761327466776997
ck_7f8e816ca51755e3,0.9402584148271904
ck_4185506d12cf9fa0,0.0029575844176332813
ck_2659d1d3762a2825,0.015085511981493119
ck_df4424f6dd85080d,0.03289074489634436
ck_5e9e149a3b69c726,0.07553320512502007
ck_8288f7f226e08b89,0.007965655062221135
ck_a7285955e2852686,0.013549662717041638
ck_d099fca88691f66f,0.03347799283920639
ck_166bd1dcbaf4d6fa,0.008048115989700188
ck_fa5830d81bc8ddc1,0.005583739416358027
ck_18e2076397bcc211,0.03989472841941269
ck_f7285b92648c1c81,0.006052524272659095
ck_ff42557857ae3aeb,0.003705974377425939
ck_7956c251b85f009e,0.8447821883708435
ck_c2d3ecd7278eba2c,0.0026529528870285323
ck_fa00aa0f3e859904,0.03227099094853294
ck_0063d2a9507467e5,0.004358402530026734
ck_26e9a7bb2061a58e,0.3821433279718931
ck_d7607a213b800bfb,0.04591992253068541
ck_266ce7ccf41ccc50,0.017653182584511106
ck_8e16a64a776afa82,0.3443713487818456
ck_f7fc1bd0b9ab1fa4,0.04217316077761771
ck_a4fa8833995c716a,0.010269191753088448
ck_ab640420858ab5c4,0.11305228728942196
ck_5923f53b77193a58,0.07717710538553053
ck_d1bbfd246c0ac9d5,0.02454135550562129
ck_e007aedbf37d6ec7,0.01819242747047658
ck_9645e7adc08631b5,0.045389104902012097
ck_57bbb19eecb4b87c,0.0032392803288133105
ck_96953b8945b7d403,0.011110943423096929
ck_1078b1e155b5b640,0.007647229707981866
ck_ee53ce862bc9c111,0.021806659937413226
ck_ba6e1115fceaa067,0.03382880330441671
ck_78181f8e998e442f,0.005035215100443093
ck_016e8c8eaf9d511b,0.05439759384088005
ck_e2aa7be60794593d,0.07309265324206933
ck_ae8e5dc4b725bc25,0.03956154127204576
ck_fc7935f784a4f249,0.00542959162158078
ck_05d44eb1f5f085ce,0.02353734620832716
ck_49886ff1e2c759d6,0.01975753090910329
ck_d87ab3261322216a,0.0015073898878139348
ck_0ac9848bd4ba0c14,0.0023110488222826313
ck_d115ac6b9fd62a7e,0.03220890041077769
ck_bdcf049c1e7d0c95,0.010870762309798256
ck_7743c9fe037d1f9e,0.036910355573324685
ck_37143d9cc296e6fa,0.032836120063928054
ck_2f138fce1171e277,0.018148758220665157
ck_61fa051192f3e810,0.030809347775353962
ck_417a3500b2c717b3,0.11133462371115666
ck_9473ea4a01c95f9a,0.05611520217749731
ck_de5eaa2cdbcb67ff,0.04561492118213281
ck_986e4e61440506d0,0.41216102811168415
ck_d3877e1f907cc148,0.018747503577917896
ck_2468a7e9e68a0927,0.015236765132247705
ck_c3ff6790cc6d7e34,0.008329112386510606
ck_bd85f30c36f5998d,0.033108994246541845
ck_90bf017cdd37b66e,0.03793517934391114
ck_448456f96788713b,0.054460211076606646
ck_455672e652fe1abc,0.9721392382016232
ck_142dba210ed2f3b5,0.018522189811343487
ck_895bb39d24bc1c4c,0.003033644349026533
ck_21ed2ea6386c5a07,0.00451404014745504
ck_61c74163eb36556e,0.010850812191563005
ck_7e2ae8b69ebd5675,0.01023168394830518
ck_9b71274ff83de482,0.6715125551044222
ck_748af92828c9d288,0.003708804130511733
ck_6276ece8f80ea799,0.00820108203452573
ck_f4a6a7cadd6e0603,0.106677149067175
ck_33ad8d53394ba77a,0.7338311661779684
ck_f65e5ff7da565f91,0.012876278713064924
ck_49969a9abc47cb69,0.029268238253271833
ck_f1e0a006068aff29,0.013299872260361445
ck_72b86e4485da2d0f,0.9749899616817654
ck_0789ff4562202b20,0.012833328406126547
ck_bff090cb4ab76b9f,0.008472771148294922
ck_15de11438732bb05,0.01195044984609901
ck_9c9287cb28950eb6,0.040359722204436746
ck_d11d27de7bf0b973,0.733054571060604
ck_7f08078908599bd2,0.08746833416734165
ck_c1d1a625b885a975,0.017739660736376228
ck_2987eab34ca7805d,0.036911611723329414
ck_c2ed04a9d218410b,0.010977698602992692
ck_73d3e8c6077f61e6,0.1119670277707029
ck_9a15fdefc47e8d11,0.011154840802910288
ck_f738b633b8862d18,0.0020867327912667123
ck_56eed7041add49a1,0.1277026445358106
ck_3fe86b6331ff95e3,0.08168236525329674
ck_34a69b3b4a681796,0.11828486285629725
ck_97d04a67a104af39,0.03353881488899577
ck_833a65b86a5d9bda,0.0021551745601309613
ck_34dfb57e5bf31d2f,0.02324891365264304
ck_ba7e347251ea399b,0.024792172267630853
ck_31d4c0518e5f52c6,0.008792267974923879
ck_6f04d047d1dde75e,0.0011608587488726122
ck_82b5b79ce3517102,0.9016285535316818
ck_80dfa54b30f65fff,0.9175093529008742
ck_3d7b1078e2d57c69,0.009436510623178683
ck_dae09c4e074af5dd,0.01733109633307761
ck_4ceb43ccd0a81c2f,0.010004135501471199
ck_0cff8153881875ba,0.014118685263089903
ck_439cf7d51ec7de0f,0.015311324779204922
ck_165a868bdef28ad3,0.034965114662180184
ck_3174419a81e7caf2,0.003357024196680284
ck_0c3dd22587b08018,0.055278312471564964
ck_88774ae52e30e877,0.07125673163291592
ck_c24f61925dc158d5,0.050583820178082994
ck_c543d82e22b3c8a5,0.0032251168183586422
ck_c78c096ca8cb33ac,0.0031613287763935685
ck_385188ab27784fe3,0.04542881078150131
ck_9947a323bab5cacd,0.08754127422717906
ck_86d7127391d4e01f,0.0017784519088805265
ck_a1484e6215fac651,0.8990822979931719
ck_d4fd0e438c97e0c7,0.03389847620856637
ck_ac7fe1c344190c50,0.011135617128427379
ck_e7a6b925c8f39a85,0.16657752881733712
ck_38ee42f15a573e81,0.17205027156517716
ck_01fbafc42c8e33f5,0.006301916762936751
ck_d3137f0f7629040b,0.007802408359288684
ck_73a7794b659d7a34,0.008188804315554509
ck_c86520a00e50a926,0.0450098882577841
ck_7f6fa79c7a107161,0.013710783292445586
ck_643abfbd7548d0c9,0.03186938360829155
ck_1b0434f096795328,0.0039855073790763616
ck_e527fbb9450a4581,0.9675979048650304
ck_35bee1fc12664644,0.06504227183576157
ck_9e21ea33018ce538,0.015227772572788987
ck_0b34197335ba3341,0.012213668768417878
ck_a432b1bf1d3b3d5e,0.18518356484908333
ck_35c93b2924900376,0.015042709227135029
ck_6430a8792f400e0a,0.00899265366702257
ck_7ef666d67bc70223,0.013549170960598489
ck_a3acf4b986afa98b,0.4696128090764825
ck_5d1e25d7acc5af9a,0.012856654785682098
ck_d3885e286b3b11d2,0.04140548785446238
ck_e7f61b4a39ba98ac,0.03149715240323743
ck_c9690baddfc4177e,0.01555810073898022
ck_59fae092fb0c4aa3,0.026921715507554893
ck_11960b5f1c7a5e2c,0.009079236162207436
ck_4b9dd69946438d0b,0.016981271833126338
ck_a2cc3910a641a808,0.3013971440946067
ck_018f780215ecaf38,0.04645033881293083
ck_baba5d66def0d770,0.1397779343756876
ck_cb1bd7635968ed8c,0.12261682848952582
ck_5a17c89219d1d9fe,0.03569490542477109
ck_3efb0e9bf25612c7,0.011130877070080179
ck_66f94903177f20eb,0.010384076827386601
ck_295565fbf77ef885,0.003972726081235301
ck_0fb3153d37626b75,0.002858398754635644
ck_25fc3010e8a0f6d7,0.008292401381817482
ck_879cc3166fe1bada,0.0084309450049763
ck_a5e036327d3d1862,0.003708456912578887
ck_1694c28f44480e98,0.015026334371223405
ck_c6cb651149dc9a8a,0.0052048533499052035
ck_c5b583490198672d,0.01823508881573818
ck_1b96d9af0d7da2d5,0.010505606335904633
ck_0a8029e79a5ae7ce,0.0238708141556455
ck_c77e22834ef97005,0.6946753672191508
ck_d8ddf5e99f7859e4,0.022347874948555814
ck_91742711dfdffd56,0.03297900311226761
ck_95b894380ad2702a,0.46270312031929506
ck_277621473369614f,0.9970375114338303
ck_5cb9d7b2329d5ab6,0.051060108258079676
ck_67025c64588abd1e,0.00463181768806927
ck_fef850553862aaca,0.019634667311590973
ck_7929284327667791,0.07076368100864053
ck_319b059bb2145586,0.02357215132702528
ck_c190c7b924edba75,0.09809576677946794
ck_57b657aba4daffde,0.03975145174508297
ck_55d7217b0aff9fa2,0.009379840754566663
ck_1dade5592f90a15c,0.02908607479084527
ck_8f346b72fb40bf14,0.02105238681760603
ck_cfadd21458230ef7,0.023824483126200526
ck_793048d11fb8b328,0.1672667076298165
ck_70b9b79ea1aacba8,0.016341724352499917
ck_c54c5d8e4433b0f2,0.0036437600230811483
ck_50422466f145bfd7,0.004287201536246027
ck_a3564236069e3524,0.21480465522824144
ck_ef059997563e3330,0.0077938766130300026
ck_e14892e424180549,0.0038355193418617706
ck_9f5f81d771146aa1,0.001979836476799317
ck_3a469039a5b9d963,0.013132249925791529
ck_63601a58a6120d8a,0.025422946206791325
ck_9323e6fc1e168eda,0.8248692796184043
ck_bed8a480e27e911e,0.01865611138325803
ck_ddd6625c5eddad70,0.001150388759291787
ck_5d22e9ca1d15180b,0.6373304872482292
ck_cf36d8b070ded782,0.01640400039638083
ck_fd5609bd23a1eaf8,0.009812950034960289
ck_1982d571cd36eb0c,0.008349501857775745
ck_c021495606b4735e,0.00858147851847767
ck_1fc03ba33edd9e67,0.022693823589961058
ck_67e075c982add719,0.011518547144641138
ck_9040edd974ef8e3f,0.20515637174002452
ck_c3fe0c6c5e1f40f6,0.006861590644193245
ck_767947540b234add,0.016753702036326413
ck_e8298ff2dc1e9d50,0.008076041075604827
ck_becb6e1c608e0078,0.0047335589250406445
ck_3ce7cad1f69b71d6,0.025693348394180554
ck_ed0e776c0926ce67,0.05689247664101515
ck_14f0484b3817eda5,0.017463269013339656
ck_e2a1068c2fa22525,0.022227941372375513
ck_eb224c0fd146253f,0.037269084440013645
ck_f92e04024bf13558,0.001578234878515373
ck_a9161cf1ca22a6bf,0.01604947253687322
ck_1a46b56f4734d52e,0.00624697227195313
ck_cd655202db489010,0.004644888715119642
ck_a980b296c95153f9,0.010370614114669503
ck_beaacb4a783db21f,0.004300654436097157
ck_03009b721568ee98,0.07826019498064553
ck_37ad3a65db673e70,0.007249143931504848
ck_071ddaaf2e4e3671,0.018292762751183876
ck_019d5891103e7da3,0.006662560472520108
ck_1a065ea906ae3d6a,0.006437759652026606
ck_6f2f0396e5b1c538,0.9700409605497772
ck_055fb9f2e1c8c934,0.03712581164573477
ck_6fd8c86ac719d7eb,0.06470696571693754
ck_920bb003b42e6310,0.004397665341570424
ck_8beae3d7328fa41a,0.021251101009444537
ck_910205d25388a0ae,0.0018705938976836603
ck_007337aa99a4891e,0.0029449193696674744
ck_5df6529ce8290906,0.010848867830927578
ck_35f8656bf93e3b3d,0.029458893527173527
ck_0a2f8b2f8a5b6f02,0.03244961733698092
ck_fab4f2f8531b4827,0.031304503014770196
ck_7c4e588f927c27c8,0.02377540416887225
ck_7cdec61e1c488798,0.0629975113519261
ck_19468fe07e26f992,0.9796895910161039
ck_d021fd497ea35fb2,0.012418222152549063
ck_1b52590757c0fbeb,0.020361937510356264
ck_074be35c951ae10a,0.02503435297997618
ck_38e46bc861e0165b,0.015506470014322083
ck_201687857ec8b3cc,0.029473180028851298
ck_bebea2cf3063fb24,0.05898656188322743
ck_dfadff70a58a9133,0.002633665491488513
ck_d0c9633fed57c344,0.02982424198259411
ck_3303fd3f64632c7c,0.054099438514749694
ck_9d4fed252718f58a,0.030281220452367686
ck_65ad9b15979e3247,0.014305780224103382
ck_93892e91387f5103,0.02613555240797526
ck_6f81c199e986d9fc,0.013051721499209646
ck_bbe1a2ea5a403ad8,0.1731884219738189
ck_a89b66665714058f,0.014633428000381317
ck_0e9b982afc88a3a9,0.9927738383275626
ck_f14dce41036486a3,0.9949848068445386
ck_5d7ae0e3562e99bf,0.0779086581040651
ck_d263b55f0a681cce,0.012780358182689243
ck_a443d49c2b4863b0,0.009249643757006851
ck_2baf214ad6bc0dbf,0.04508714431852141
ck_3ef7a03ebb81cfe3,0.003980475679223298
ck_95790440bc4bd2d0,0.02513018768422301
ck_841f598bbd54c83f,0.01450210264692148
ck_a7bc323ffed2ea97,0.24421122400902173
ck_f5100511609b92c0,0.0010594712629169926
ck_2a07c7021b71cf65,0.02285545912779688
ck_44b9125526acb05d,0.01915204769889948
ck_c2b4a1d8c0b6c1cd,0.002208356759055628
ck_29c11bd68858e923,0.002946938924565096
ck_ace3b96c977a7560,0.5769987563731276
ck_e3d4b6f681c783ab,0.09551353996749005
ck_918c92182b6817cd,0.01410844524556678
ck_d66952b03591bdec,0.007994158164151846
ck_7a58e0cc9943c39a,0.004585207019742768
ck_cdd2ebeec75bfa69,0.2632439278395584
ck_38703b7546d35a80,0.022978028879178745
ck_b60fb9a10d6f4489,0.046776521004104815
ck_bdf837d761a7cec2,0.15254657397684449
ck_4760216154c8cac2,0.8175218524409554
ck_b694c803b62862b3,0.04771019855118624
ck_d7877684c7923ec3,0.007562067664988585
ck_7384d4d2406aabf4,0.01953186728973623
ck_0c2932cc0d553694,0.028770812648330625
ck_bb41a66e3d90263b,0.078400687726938
ck_5245cbc5ff4d4fa6,0.010215728468219398
ck_4df2fb8e4b649e27,0.006632471270945597
ck_bc6f07b06aaa4ce3,0.8559406549133783
ck_25a1ea40b2d59254,0.003894002768271893
ck_af65eb885a51048d,0.004173764668197103
ck_7a3f2961e9a8b6dc,0.020131656727821523
ck_a9f700eee5d638df,0.006323458638248871
ck_5e18870d8e30e379,0.03988931672616491
ck_e9047964952bee70,0.0441224897029371
ck_49c3bf13dc9471ce,0.018446823798180835
ck_4f63d5245b3ac1dd,0.023390647953159018
ck_291bffc7809f896a,0.025739965538534096
ck_9b5e7fe28208f5d1,0.008909568199365498
ck_8f21f2690c32c691,0.05152330012121446
ck_729cc0b46cc2e546,0.11262186033452502
ck_ee4d9a7449515908,0.00307067265629797
ck_2c629c657f73941f,0.020733584815375287
ck_e4df7faacdfe8c40,0.027123202568753283
ck_ddc865af1dd5670e,0.037088127905431506
ck_e52cbcd9aafd26b2,0.015921692131264445
ck_0ac9114076f5bf3d,0.009200578553385626
ck_7661d7ceaeb19f97,0.02490111435116659
ck_028c41b195280980,0.017323688305265816
ck_dcc125b178b79566,0.0015544153604844276
ck_1f517e0ebf397b51,0.008855626685864216
ck_2c80a592fb4cd6a3,0.0033031216933235904
ck_391639c0f13932f3,0.004807396539186371
ck_c36ed9f8e6792ea4,0.029222836135322987
ck_3689fa41748a6f6b,0.07811147240760324
ck_555848d51f4b5f35,0.012986044983495967
ck_27e4de495abb4d15,0.004529753286334095
ck_054ed4288ee58d6e,0.05038426043322462
ck_1422a7bf7756294d,0.9164411668106535
ck_27acc9f320cda104,0.16087589956209145
ck_9c4886c5c90ddbdc,0.008750356015271374
ck_5efbea1befdefe1b,0.10326422962637308
ck_2f9fa0d61829f815,0.014892623581328056
ck_798ba4b8aa544fea,0.004019312979057749
ck_54e581f71be5430d,0.002913781749158971
ck_5b82c774df10d49b,0.002526674876634947
ck_01d840cffb870615,0.2629173772302749
ck_3a8ce1cc724229b8,0.0038001806748114006
ck_8f43459991ea511f,0.016323184820801508
ck_f878b68d66fbfd4b,0.0053589976739554105
ck_e84abfc0c747c9dd,0.9338182021683706
ck_083e4ac78685c3bb,0.021541796609199113
ck_fd242b18575e3063,0.0785276977541568
ck_b150fe4efb449b05,0.00896007206210508
ck_5e84bca0e362da20,0.042743947837682476
ck_95188150ff059c70,0.08652211513145486
ck_c20638a325ead2e4,0.00471433209128123
ck_dfd3dbd0d97a642b,0.023717858643151037
ck_5fdf8a0bdbd3ed62,0.01743395710646266
ck_d6df562a79b9d0d9,0.018362758639959575
ck_28c53b214b2ee882,0.08651735263535078
ck_aa2b4c662ff213b6,0.023669240933899608
ck_5a6593d954085775,0.009375923230633715
ck_558cfe5f77a55a9d,0.018537375151848726
ck_c7ae1d4b3ab38185,0.004718087555435489
ck_0fd826fad7ec7cd6,0.04268691343930533
ck_ad6d48c20a3688a7,0.004905524794970609
ck_123c15d93f1840f2,0.0646566768132692
ck_a75ece9a9044eed0,0.005353401914957149
ck_403da2a2d800df9f,0.13481926073744305
ck_7fd8b1470401695f,0.4795343885780404
ck_cfb06f07394dfe64,0.004843029745787541
ck_aa01d5aafde73d0a,0.0033809234066109303
ck_dcf851e7bb5855d0,0.002323602982728278
ck_2fa8f2577116e9ca,0.05535319294210518
ck_57deb202d4188a29,0.007583675637359222
ck_a95afc7a00303a26,0.016608731131917884
ck_1f871df76c6a995b,0.0750379412186695
ck_1a6b30320835e57e,0.025698046942591285
ck_73c5371635aca173,0.7470595475723976
ck_1a9235812de4b2c1,0.013485709676943269
ck_ec26e327cc1848b2,0.009574282837599814
ck_0742fe64055d686f,0.003845412209763257
ck_076cbc25c8f15fc3,0.9594461759272612
ck_ada46085a78280e4,0.017050567564775708
ck_0aaaa9d2f75a0518,0.03668211126551245
ck_4ff6fc70bccfba96,0.8492111163012551
ck_a6fc92aa91e99b77,0.9074173467787883
ck_6031211ff118cf0f,0.006996541889331659
ck_920a48ba8c583e96,0.011578342070345485
ck_098167eaf124c279,0.03733690798514373
ck_91a0ca45f429568d,0.04147455610785968
ck_e077d004cd1d80ae,0.02453674007719566
ck_20a7d1ce6cc27312,0.010166073430176113
ck_8d27ff8383d48132,0.004551585778205685
ck_c47e32c47f0e6578,0.09292157968380838
ck_9d7151dbdf100e0e,0.03577904078109368
ck_5dd80b3c01457bd8,0.017133070658015996
ck_8594f165e95316d2,0.00314787346302349
ck_a58e900469dfc3f0,0.01886265693666038
ck_f5178a658225d8e4,0.003987665922132578
ck_f5dde68f6f0468e1,0.002159688843369142
ck_a8a2e296f9804bd7,0.0310038027633256
ck_463937167965a1f8,0.015647251251864072
ck_12a074db100481cf,0.2409032204324127
ck_88e3dd3039508332,0.021315707581363294
ck_9cdfaa1c30cc9d32,0.0032626048871975443
ck_4e0e80f5cc271bf7,0.002046251494014961
ck_af69bfcf4f07d932,0.016023981750246316
ck_5a4d19f1b83feeb8,0.010311153195314988
ck_eaec5f1a83b66eb0,0.2656694796653044
ck_2c4be237a7ed79c7,0.00374552937464338
ck_e16528edc694fb33,0.9719781249356795
ck_3c177f5970b68bd3,0.0175214395406758
ck_ad7c256ea10c4a00,0.06825132969924623
ck_012519bb095ad36b,0.9885293769393738
ck_0ed2739384f1d644,0.006341057529910104
ck_48446a9e8184c7d4,0.002311756495894719
ck_31e1ede23247d56b,0.029648627124075486
ck_40052cac10562cde,0.019781917024904953
ck_3267fe3aac05c71e,0.008615335318457705
ck_c3db1b3ad4f16679,0.005161167953321763
ck_1b74b798eebeabdc,0.013559790056895239
ck_510e7c5df1f95d90,0.9967643159489992
ck_948517bad569b40f,0.04555548953861142
ck_b16a7c51b6f7a6b1,0.08387846924969852
ck_b53ea8713d32ca7c,0.042389717797184145
ck_11bf1039f8b3025b,0.01646022875469202
ck_4b088920f3a844c1,0.03259207263829238
ck_c2015a1200971fe9,0.04015744275753075
ck_f5a32e6160b28379,0.016832997637390847
ck_b0b5bf9254700402,0.013811331098422152
ck_eeca179341d56f8a,0.825993149616675
ck_d94dfde9e03c9d1a,0.05239534475033529
ck_938ce30c864bc7df,0.004107121460108187
ck_66d38518f68e6194,0.002470451564668296
ck_115d86fabde77b65,0.00394145204241414
ck_9e109edd124492a5,0.006584796257474159
ck_f29471fe7c818d6a,0.005557726166317872
ck_a27bc31eecd9cb9a,0.02238974342403081
ck_ed4427962c68918c,0.8258713744343565
ck_7b55d9bb1a250d4f,0.04573621754453753
ck_461e3f7b97db8d16,0.04931162437374574
ck_2ee84f3fa27f2cb8,0.00835775293978292
ck_bdee7c86f5ebe81f,0.018738371928456274
ck_719602def4d35fe0,0.0187126945551131
ck_87c26b2f41025109,0.9950925019162838
ck_c7baebe4549fdbb4,0.039002198992464855
ck_6f847263379f2e43,0.04384356962955312
ck_95391029a21caa24,0.05439825180539794
ck_97402a153348e68f,0.004585828029642618
ck_f1acf73363925958,0.03035031187719497
ck_041614694b77e599,0.010741591430125099
ck_a7b57882ab66b111,0.003632055475041605
ck_71a0d645744302a3,0.011641333908867764
ck_bfc453eabb472f91,0.01721083324333544
ck_c33a762d98f9b290,0.009075788972018089
ck_9e75c6641939f4fc,0.0928550207808857
ck_d17653a4a2d4a79e,0.04152355060809055
ck_df20cc23b8fb8e22,0.02930658104354999
ck_62720b81617896cc,0.021272493129415704
ck_d6d2c1f6dfc455b6,0.22196213163880874
ck_a0b4209feb31f5c0,0.9967292449103392
ck_779cc0f2de4d5488,0.0796867302131797
ck_3152c7115257f084,0.008402202561585788
ck_a28d6b1601b472a6,0.02708364001944527
ck_761989aa4c47d746,0.026995332445397712
ck_97e3b04a1350f6e4,0.05698293422910038
ck_397d5fcc9972f909,0.03770598095650551
ck_bae8dae7cfd8baba,0.002077196709723331
ck_04e32ee9834c088d,0.4617627956429648
ck_bba0ccc6cd968680,0.04103736818945683
ck_1b34c420a4c85a95,0.009730525456218499
ck_a1201284122c141f,0.0369259166969791
ck_5ac335f02280271e,0.02108452723673188
ck_dd882323474431d4,0.17086920364818864
ck_f9604adde929beff,0.007641729241302136
ck_44211dc210139ed3,0.025245845487319427
ck_e5e5dc431bed6f9d,0.012584519715933495
ck_17d3022ca12eacd7,0.012748537251651258
ck_209f574c8d92274e,0.009976376414784105
ck_9fcde1ff46cbbea5,0.002752340682314194
ck_58fd684aa5a6f289,0.001954829126089563
ck_e96a5e1f08f8a867,0.008989444838318261
ck_90456160115f9ef4,0.007429591610406726
ck_70a60e095e9b706f,0.0015479241288355928
ck_2d46291975f0dd08,0.004884879793718704
ck_f2734417c0db4ee3,0.00589345063437443
ck_651e076ee43aea85,0.008276545950070062
ck_74d602c907ee9119,0.003916856210737214
ck_4c99a6eadea143e2,0.08511682168493992
ck_8395f004cf4d4c08,0.01862964020993805
ck_3938e92585df2b34,0.02599049707001618
ck_bc32655ee5ed643e,0.02026148755128334
ck_ced9163ea85589ea,0.06148208163448565
ck_9111e3a04b14dfba,0.04934879493106745
ck_791be3378dd7d64c,0.012166030344686581
ck_7cb0c9ded4d63027,0.039891392377430376
ck_0db62d5f7f75f80f,0.03184128217155781
ck_1723900ab9afe374,0.04196754589755089
ck_54459b45d2be8459,0.0049809171250597565
ck_a0543e9b3abe1001,0.13447788499714783
ck_08dba09fd7dab896,0.030646860310313013
ck_b9eaf03453ac7d5f,0.01122425641158856
ck_298922703c5bbe05,0.04556648781377891
ck_e662b14b2bab23a2,0.07348701107435632
ck_4a691892d9d6cf89,0.008692897494318605
ck_056d5f0301c30902,0.06824574375115856
ck_7cdce37d895eefb8,0.011739407427031409
ck_c0b8067c144ed6c1,0.013568893967556409
ck_856ea65fa27d06dd,0.017870889489868595
ck_55d0c7012d7ef236,0.020529910634482965
ck_9bedf54df9418e4a,0.004860078507668374
ck_00f9ca84d1d8ae7a,0.0035670474864263023
ck_420d1a9c604293ce,0.025599680366246238
ck_9874ad160efddf50,0.06628171237205152
ck_f4f6f0caaab70040,0.008865269101150493
ck_a26704b5b26258b7,0.027041184198405045
ck_edccb5a93b741744,0.014018229058521178
ck_a5f7b6fed6df2aba,0.06425535628130713
ck_ced6b6dcdc7c201a,0.01826493817651794
ck_77549c1a41f837c3,0.01590111719619384
ck_aa5f3ab48c17fed8,0.11649990791889625
ck_2a5a4c18c2c7274b,0.018478389990993535
ck_e05d44e46c7174e6,0.02143712968246754
ck_0084d8ab6b1044f3,0.006678221280507323
ck_42633573639a3f02,0.9954800099146068
ck_0fc1086e1c9e04b6,0.027484672175407527
ck_0e6bebf8ae9b9b03,0.01914217266105296
ck_f158d9e5f101bb35,0.011768757256417052
ck_e107537a4cb738f4,0.016398481089808153
ck_ce1b06623e4a815e,0.008000696329360511
ck_2f4f94827984c426,0.0019115386357347556
ck_e8ea56e122a5a487,0.021785691618184937
ck_2d7394afd61643d0,0.005641409884811915
ck_8dacf3a2061ca17d,0.03569635351577822
ck_315fb710a0e371e7,0.0020767279796020505
ck_cdd7c77823c2257f,0.09381311474805988
ck_e9287b6d909d731f,0.006596927942708687
ck_d12d2924d0f7a64a,0.009674211167609756
ck_0dda35c0c64c7073,0.9879273489256277
ck_d1ed88ea4211ba4d,0.0028515962758101318
ck_2103399bdb2898a6,0.017582262799961983
ck_1a524b5cc8da71b3,0.07134145161946248
ck_58e5359efc52e0ad,0.008595887817477077
ck_3caec7dd6f8d02c9,0.07098609307060064
ck_3eb73e56751c704d,0.02610364059945658
ck_37d47cf0f34574a2,0.002672473313811771
ck_66d0c6d6b67a8d58,0.017453537427302983
ck_98149ed45d38c4d3,0.04379706642307717
ck_00480407160e0743,0.004782053787226648
ck_d1ea4bcc407c7d5e,0.02268147213147036
ck_ac2f7397801036ef,0.0298537125000918
ck_799aaf9f2b9ef621,0.012951282303521603
ck_93c4e05699b3b7d0,0.010472164653729835
ck_66accecabf3901c0,0.026717309945691377
ck_f0c4aac04076a6dc,0.019173435379244597
ck_e3cb5f31d8e94448,0.9886841179634398
ck_e541967c681cb929,0.016538955774291965
ck_8aec3d3dd51517c2,0.002995189333414642
ck_23edb6d938a3b87b,0.006783386495493157
ck_740e760fdcd27835,0.004293341234898929
ck_fc40a16adfced018,0.0077654831282312885
ck_7f0cd6ea3096f985,0.007506139258115416
ck_347386629d96c664,0.0177442418241352
ck_2366b29ed9887a5e,0.0034149408048163208
ck_187317383400491d,0.004897061806888824
ck_dcbab304b55a42c7,0.0589695278307397
ck_ddcac1ab765ff61a,0.02653297932499358
ck_f39cfeb277ef6528,0.00426979656105349
ck_d69455220b21dc9b,0.006607522882512838
ck_b4703ee97f94d7fb,0.00531839315937048
ck_0e0bab173622db9b,0.04437815714757429
ck_d6fe761ed0db3270,0.05601305065132114
ck_590716322ff147ae,0.05046956829133116
ck_494954023f0eb309,0.056286647788726746
ck_95e444a01e2ab4a5,0.024437676094966627
ck_0f909705e2e60f2f,0.00557984041255744
ck_6d03a542922b2ae8,0.022824931436541948
ck_b0ef193195a2138b,0.008734280140212922
ck_7b1660e942436e12,0.02158385077045491
ck_50ede3eb561a202c,0.02766144887018513
ck_4c4a939154446053,0.0036625553205539884
ck_504a45ee08db72b6,0.012379688260659237
ck_f143641bf3dd0414,0.04843974084839762
ck_b7bd3a7f263f4f29,0.03749702578208318
ck_bd23cf9bba1dd33f,0.04812171011775043
ck_e5f5cb7dd6ce4a37,0.04105813009666494
ck_1658429acd5306ba,0.013312512653566696
ck_db1fa53d588bf99e,0.015318069378789621
ck_edcfa9e1cf29d813,0.020322036249688907
ck_b7c37d410b1646c2,0.020720998584159482
ck_73cab88b29c7845d,0.03705111709029599
ck_f42a43e4c3f34ccd,0.005912373657553901
ck_0d0a1a021efea5b6,0.03084111956990444
ck_f8f6a03613b6dda8,0.012382707773990979
ck_60557f077abc42ca,0.13062597082522756
ck_d75f25184ece2b51,0.00932110222216066
ck_bb1a981306b750ac,0.06132658972946674
ck_7e561caa5fa1f3f1,0.03667841679867533
ck_e424148c6f2223df,0.003691037177855027
ck_4937cfa6526ea138,0.026380027871996455
ck_a72d6df666e1c21c,0.012415783569313915
ck_245f5d62ead5ef28,0.013338867305964976
ck_059806c52cebe4f1,0.22737980508304612
ck_547090bf35a3b243,0.012729358511070439
ck_19988702ccd79201,0.008811639170773763
ck_90b4ac695b9c6bf7,0.006253565047485121
ck_66267bbad1f1415f,0.9964573270559809
ck_ff6a6d3547dd2d37,0.00916599109230902
ck_03129b41457795d2,0.02560720224312564
ck_a892252e4e0c2828,0.009209926591477314
ck_b3905153b9eee924,0.024990440843528708
ck_e934f984bad2ff91,0.9555429271175504
ck_8d2afe17c0082e6a,0.04443518232056016
ck_ea9edf9c107d429f,0.014779406263870837
ck_61fff5fdaadd394b,0.007535703894392027
ck_3edaa94d28cd48ea,0.006397427904348553
ck_f66f06e24ff32671,0.05270488712563915
ck_7cf562578c7f158a,0.005859045356605115
ck_66949171b387bb93,0.02762130351491959
ck_87d70f5fe48a6128,0.047352621978887906
ck_3ad3fd3cceb56b66,0.7760650028026985
ck_d229dfa0e4442628,0.0024097065175201415
ck_4732da7e0d2dfc7c,0.005111385797821523
ck_2209de229b4c71c5,0.019079244926596496
ck_4ed711fe4053e74d,0.09512572315802494
ck_c78b2638fadd91ab,0.015092724641254841
ck_8bb6b0a292754576,0.11125075512249653
ck_0b615ed566da1f58,0.017808752412367602
ck_d2b3ce1ebabe9f93,0.02421737410432207
ck_d3b2b250da61db19,0.9445357901115479
ck_4ffe0366df388604,0.022417809998938783
ck_d2d4a8f4a9f2c33f,0.0061717784635358375
ck_b378b8d8100ee4b1,0.01505862111165696
ck_20a17e8f206a14c8,0.10782948264065365
ck_9ed53de6ef779ae0,0.0030795092672211977
ck_3f16e2cd7e6874cc,0.020458022494722797
ck_ef33c04f4c9e3758,0.03606625151584783
ck_8fd91a3c99e19097,0.27899442636704
ck_0c6e7bd357e4a348,0.005939127949621594
ck_95654593cdebd141,0.0047578153794580825
ck_9822f8ed05335741,0.016417533656328382
ck_11c7667920541587,0.013950853340307401
ck_ec3715add8bbb6e9,0.003377879226371502
ck_f09f9d0e0886e0c6,0.008427637710471093
ck_12107dacc6d05bd1,0.002238294096867233
ck_23a016cf6b98d89c,0.0388428118927381
ck_0e719b3a6906b8f1,0.002157699066866705
ck_7137eeb394d200f1,0.0767293728971802
ck_8026e017909aaa6c,0.013583455464453081
ck_ce36b0c287bd198e,0.02540918920563641
ck_926b81c0ba528eee,0.13756167944466355
ck_6b93bd8abf87b1d6,0.9357641807773962
ck_73762038c7ff2f6f,0.007269143733136097
ck_abd10fbcbaf2b038,0.00905781878151741
ck_7ebc5fa7f0d3b8f2,0.03467570572433622
ck_fe33eb743d714c03,0.014989231289498448
ck_17cc7b411f448e66,0.031154845395148137
ck_5debd55f361b2ddf,0.0023698989957644536
ck_350bf14e90b503f5,0.016520279029571972
ck_469c17407d17b706,0.039765797964268934
ck_004de16f7d8a42ae,0.00937894971775606
ck_27fd85b1e38b675a,0.006934453898488242
ck_05f79ddd8eefaa56,0.009480892375566055
ck_3a57a13ce032a6fe,0.004312413314505258
ck_c965fd6bec0f0ecd,0.049867257103756536
ck_a721f0d635fad68a,0.014145239986639106
ck_c29489366c01fe65,0.9834474632794703
ck_781b8288e54ba8f8,0.06576548441910465
ck_c9eb4df91ff07f2c,0.04211163235171302
ck_8a5a57858e8c77f3,0.021014762493121016
ck_76d010aa02eb477a,0.004384582054080277
ck_7a50abd42298133b,0.02253447831947845
ck_1d2b80ab6c4944b9,0.008834888727172377
ck_4e39e3b165edab58,0.4020474634460772
ck_e0ccfa0d689339be,0.007846896878038934
ck_89790ff26c844bc6,0.011404916358491196
ck_94e8142728e44380,0.024018035010890653
ck_e3a22799716df39d,0.006245952780534268
ck_5217b55593a332ca,0.09575170344889687
ck_c1c9d3842d758420,0.16347482156377638
ck_dd34f0a844fb115d,0.2057108187473356
ck_24cd0d779e866287,0.004682075365152956
ck_59f46321ecf6d306,0.017139618493691854
ck_e7c212f16d6df272,0.012196176370983757
ck_c69ef0f3e7d6acf9,0.0518644206908687
ck_6c1dbee7e8fdd5c8,0.0300486969511482
ck_2ad0ecbacd5acf8e,0.9677670273348662
ck_d67d9dfb60b286b9,0.004396865222282202
ck_b35d803568f82d9a,0.01644906534142985
ck_af39767cf583905b,0.03805759380923356
ck_4450b55f462ae134,0.007393641523585789
ck_545b71eb4fa594b5,0.0033537098855744327
ck_c0422e638a9c6046,0.029334513134576582
ck_cd7dcc884e283746,0.0348557542673522
ck_d6ea026357ec6477,0.01431939295486504
ck_e30e17db5473c7b2,0.007992008818751782
ck_5567779d6ba184eb,0.019184976449723716
ck_fca2798914627dc8,0.06562651629920124
ck_fff9fdc2adf5100b,0.9571837528419931
ck_0c45e54897ab34e2,0.05229538443110572
ck_507a6a580ab55c76,0.023466156262323103
ck_332ad134fb909869,0.015279172749915467
ck_ca60d61cd4dc3bea,0.002674046004626925
ck_59735f4ab2ad3da5,0.020819228696433722
ck_ab9ea095a5c58b4b,0.014436096516313167
ck_ca0cc8ea9f344408,0.006308817249409335
ck_8e139f8925ef7968,0.00969618161582957
ck_9dfb2ae78659240a,0.03059788940300455
ck_90f6f5ced708aa75,0.001909735008488565
ck_4280c33af57eb4f4,0.0042038684487412945
ck_5ac86682385c86b8,0.018094188838281396
ck_1bfa8abdb22be8f0,0.03990214789691557
ck_65491367584c730c,0.02736761813597184
ck_3d7db96995745472,0.025048419495641086
ck_a1c39df50a5873b3,0.04795740532363081
ck_ff7c26a62bda8089,0.0032485564976913904
ck_09b0d8af304646bd,0.0018840628578272003
ck_3c25029e40aa8a84,0.004430450399452387
ck_765aaf42c5088545,0.0258657634903764
ck_e0f845159b6e6a4a,0.03119601709749472
ck_272ae2179bbd8e58,0.01575440987547458
ck_c0ce85fb4109567d,0.03441255353794641
ck_515379973a8044b8,0.009012623893446443
ck_b5c3075c811a2216,0.0314574630377219
ck_713159c5c6a7a4d0,0.9946199558078568
ck_5b3ba20c8bb1383b,0.016218175546509943
ck_67cdcdda3033842d,0.11606258335789689
ck_647ac26c5900f082,0.012364766200965098
ck_46d51648c1bf80e5,0.07780830797930441
ck_40b4e264d1a12b83,0.6263171542604196
ck_620d7ae27af83cea,0.01361123614681635
ck_b9e5b318ee4de68d,0.01362083887665127
ck_cd691e3466fb3742,0.013935361436542847
ck_7190177963eafdd9,0.010913292751551059
ck_362ce13eec1e33a0,0.003624345160751034
ck_646e270e0195bf05,0.016811616888493384
ck_472e0be7a3b533bb,0.02973031787523374
ck_0dae4a7eb587f3ba,0.02244664586591103
ck_e6e7257377c37b28,0.030880490947449622
ck_b7f5d10b427346ad,0.011393024364554855
ck_3365a0ad1a8aa83c,0.0071926546763670315
ck_7a43ef9c7b1c67b5,0.0018404973859448802
ck_7456df89f3792235,0.003113043469915679
ck_5014a3b07e1f049f,0.820043517933751
ck_9b12fb56529ebc4e,0.016414779780911142
ck_002eb6552b504ea1,0.011974443460066982
ck_170f4688e0acd875,0.09337837939451968
ck_ccc83cf66365357b,0.020960120751712254
ck_4719112b55d20161,0.035315388472865764
ck_a02aeec1914c158a,0.016012722933480945
ck_ad4a4daa826ac68b,0.053063760074806655
ck_0d40961e47797027,0.009137930613766752
ck_114c32aad4b6183f,0.04297909048136765
ck_6ee939b7f396975f,0.010026192965899138
ck_202f0c14b07ace01,0.027947862957057215
ck_09fd43f1b7e2eca2,0.008344519146248007
ck_189b6fbe9b9192e7,0.018403400482468246
ck_1383b2b1875000f2,0.0188950648624294
ck_00bd7803f2530c68,0.02336805448833911
ck_4085cd3bf2661518,0.012444598359820952
ck_79323eb5d2e5efae,0.006284825169690326
ck_7d1661a34164406e,0.8508369749531659
ck_ec30b61cbf517db8,0.0034701992528357725
ck_ef346071f0b7654b,0.016531541963193137
ck_4c2f2eb657c2c60e,0.009174795446794948
ck_832d39c590a3ca75,0.9023959578805802
ck_7cc5e0fa3ca5a713,0.022421263782855853
ck_08b4619490e751a8,0.8613535926035388
ck_e0b3158111370118,0.012827465149383193
ck_2685f38930866af0,0.018511864899796997
ck_cd6fbd4e8724f994,0.03273289034975952
ck_33160c443d4b3f19,0.013551480292470167
ck_2a2c336a69b8d68d,0.03860496089006668
ck_805ee564bd35ef15,0.031912419613759
ck_08a0355d1f1890ef,0.004562123945600357
ck_15fe2a47fa7e92ea,0.0048763175573679415
ck_85ca825f905a34a1,0.02822107832753392
ck_b6527a85fd682554,0.019245456467889548
ck_9dfaca4c7c80b10d,0.09123290726750652
ck_ffb4d892c5158201,0.003667803485600232
ck_a544e766540861fc,0.20921417089097802
ck_354909fecf5da8cf,0.013200921620754175
ck_fc5ea49518e5d637,0.007797659269426565
ck_7c12de74de30b788,0.3031526838215203
ck_7f9a748110d70005,0.007296472371028966
ck_732f725747393ec8,0.02047701779052934
ck_2452a30397dfc54c,0.013592095078407342
ck_08fb463e69f647c8,0.9648591733426122
ck_49df70f908dfd069,0.08488831966964684
ck_7af748a23775bd54,0.17781577684770583
ck_5010ffb1c94187b5,0.0021298435452015573
ck_68250033717cd59e,0.011544269040168555
ck_83dde7da2bf647ac,0.004587675444737306
ck_8bbb625384edebd7,0.0032594722851371294
ck_5eaeb87bf6207406,0.9702049218843113
ck_0a7adc2f27f98510,0.0713140381534574
ck_c3719a30414bbb4d,0.03278819285290223
ck_580f136ced341298,0.004671816749931277
ck_70d69e5d1bb99e85,0.02421324274658996
ck_c3476080516db25d,0.018097264926310478
ck_d4e0b2a12fcfc35e,0.008579787811767204
ck_2ca91214c357c072,0.06394085062488515
ck_c3ba7534cefc1de8,0.0210473343895256
ck_e967ff05514b697b,0.0508348506565541
ck_2d3d7d64a6f443f8,0.014524104114821027
ck_9ccc030ba2de9fb2,0.02672753354904279
ck_387e5a7f163c7837,0.029993546428489986
ck_d51df5e9fbbbcc94,0.020954288582810066
ck_15254db133b28371,0.03659347165025677
ck_5ac959cbcc5e98f3,0.007956619402564277
ck_619842688294dabc,0.012820588092248083
ck_179ed66cdfc1ce27,0.010100119051077258
ck_3a70b4ee59084715,0.011290001786781429
ck_c1dd3feb9a0b6471,0.021943969839360998
ck_235ce9603c7dccbf,0.053217847953529386
ck_edf1096809e83ef8,0.0018762182183228323
ck_83c2c34add971d76,0.0033214959388076226
ck_0a4e191cd0a57ce1,0.005606334922109234
ck_472c81a144f4631b,0.006196530914418407
ck_81818169208a8cda,0.03533958283915008
ck_06aee5a62a67a84c,0.033409698614264696
ck_754cd7b4a5ae3f94,0.05365840741812413
ck_3428910b44b9d08f,0.014987290507290115
ck_a9d2bb4f2bde7052,0.008512847167609744
ck_6482ed4491bedcaf,0.011010326948396314
ck_966d4d713cbc7792,0.005137990904234315
ck_1c8c969667cbaab2,0.9513791374602755
ck_94295287a04c85d2,0.2136046129575654
ck_466103ec5bd9444b,0.005519565115174603
ck_3c0031d7514da17b,0.013230519557312626
ck_9757163e25262b74,0.021288086081019182
ck_c8ad3f01319c065e,0.050346825278351895
ck_d35e3aa9ef5d405e,0.08594793546039337
ck_3397c7856b4669a5,0.004061559484797402
ck_1745847cd4e5dc83,0.0114700171230035
ck_4b84357ae8ec7777,0.013376110516977319
ck_bd771efb4a7e15d0,0.01104502401932047
ck_764d40f865e710af,0.02769220557442678
ck_021c6a4a7e3f1f0e,0.002109679711697353
ck_123d75ffb75b606d,0.008322576467410477
ck_b48cd8593533fc1d,0.7685598996648333
ck_c7b17f7b24bef5d7,0.02845851740302293
ck_b11e22e75d9b99de,0.005313265088182976
ck_c7550723b90e5615,0.00761668150717615
ck_4dfd8947f540eb24,0.01413466859424342
ck_731943c682c9394e,0.014496554344883051
ck_7db098a17374bbf8,0.9069915929415098
ck_7f3132d6be389657,0.08944921312869014
ck_95458880a54df0b1,0.1900789672321199
ck_4c6ea04ce8ca9e2c,0.009179843567541094
ck_8777beb11aabd66d,0.018007020281995082
ck_60c3d8306527a08d,0.003378549826261933
ck_cf8ecabbc61d3e11,0.014167520180798046
ck_5189a302cfa7cefd,0.0013896248883671955
ck_77f293d44b4a3d2e,0.041115971549818914
ck_bed50fc64fbbf8ec,0.016906000228410805
ck_929bcae878a3ecb3,0.8145914460046093
ck_f7c6c26ef3c4ae06,0.019941945965700345
ck_59a9e000fa275e1f,0.02904774596368042
ck_3ed9e081959b2f5c,0.00796378885626423
ck_57f17254e2688637,0.024541607274929926
ck_52dec82e9cf6135a,0.008102446956912814
ck_d91ab840848a54fc,0.002615481776037346
ck_c886adec7bac250a,0.023980083874045623
ck_63d4f5076fe4406e,0.007088445603943673
ck_ac0ea27e692acdc9,0.10355481303674643
ck_ba845332b730b596,0.003627636995879216
ck_7e9a8924eab779e6,0.7474064711349715
ck_38abb60995114f8f,0.031122599690099027
ck_323b9cc5c49f8ea0,0.0785247974010238
ck_c530235393360e3b,0.018097734562880514
ck_1355db6f4010232a,0.014179390052833241
ck_1cec1ed1512a2d3d,0.002753123732272953
ck_5c0fe988b8aa7fcb,0.1509098153760258
ck_79e202f06d8dfe42,0.11866516996511073
ck_e137400825a1e3e6,0.006736325611317669
ck_fefc49a2b8ad993e,0.023025822201389025
ck_7510b1023cd08531,0.021726783183921298
ck_b95fbf2b5640aa82,0.02294376590841095
ck_f4536ba8dd2d551d,0.010448575148679713
ck_9dde2c63acda3ba3,0.005774309573970793
ck_59472d17debedafc,0.026256443528278432
ck_b0fa8b84e94d8ae0,0.01614213966625399
ck_5b52ee0a13c71590,0.013335338660164058
ck_ad3c4be96599554a,0.01716701535109053
ck_458531c22ec2f9b3,0.009779009344430625
ck_b379c198d6db2d62,0.02228260471982905
ck_ed9c56fdb9f45ddc,0.10149023041510641
ck_b3ab3c210e2c7c19,0.017426006326138173
ck_98b34f2d704c1c2a,0.017342106958497583
ck_6def9d0429e4ed4b,0.01724893084077609
ck_ac68d707006c12a8,0.017525121304886006
ck_829cbf5ccda481ae,0.019306443824399278
ck_43ea894480567274,0.05804054450701668
ck_5e36042cfad96c99,0.2006405660006684
ck_891eaedae139828e,0.01158577851345464
ck_68ba25dc3385fea1,0.04596275573286054
ck_4a522ca2dc4831a0,0.0011414281409846308
ck_a152165caf295b51,0.03486224378700618
ck_31c54d540b128843,0.008604524574920207
ck_cc447fcc24a0772b,0.12754505416865053
ck_8a16eb584093b12f,0.005462852684380164
ck_259271c70f3fbcbe,0.027486451730473625
ck_bd86132499defcd0,0.01207887908547633
ck_7a4e3d553e8ab5b7,0.12800283755479727
ck_8ee08f6777cc155b,0.0152375331179044
ck_604c710141327a81,0.00858430883268697
ck_3f1287e6c27de0dc,0.008956536553953282
ck_ae91b4cff57fb3bf,0.009672380482260205
ck_8d5fa65717d2e0c6,0.01648007573732561
ck_c0b744eb9e7d4eb7,0.008492476308821429
ck_90114c891239d821,0.003140925561411009
ck_85de63d278f0fbae,0.0039194999109154315
ck_3d41faeb96802f68,0.00439080195570791
ck_2cd21137a07fdd7d,0.005438511889337239
ck_168e7ea341a36b80,0.006571734621755044
ck_db23a0e3e54be60c,0.6327646218530782
ck_a958b2461ffc21a2,0.07931640383985195
ck_0b3c3bea0e0ed339,0.011103826671184433
ck_be5df076b8a86409,0.0025704612591972145
ck_2d1548f1ee405cc9,0.008588727049646222
ck_7176bbc97b1e42a1,0.00471983381793049
ck_ad9e2088a33c8c72,0.0010341641238991882
ck_324b9939d9c1c31e,0.004423113142586444
ck_dfc8f5c141fd7c63,0.02460763117066683
ck_16fc77b2bcf5ec03,0.9641761907790337
ck_4f521611ae14ae66,0.0051042744671265195
ck_a7fcf7b592f68ca1,0.05297438969003059
ck_8311cb6755b2016c,0.011998980342593984
ck_724085c3452d4693,0.140101953368382
ck_a0db4ccca08030c3,0.8100496494641332
ck_de39c1947fb675ee,0.04651166210079141
ck_96a9221a87be93c3,0.026607477837126317
ck_98217aeafa0bfefd,0.030409665553621384
ck_f4a7ac178fd55f0e,0.008201208375710756
ck_5d818522cbfe2a54,0.046595907534467185
ck_874eca6776b34dec,0.007687238607024445
ck_7262b4e0c29c942d,0.017118629375628632
ck_20cd2f5666719baa,0.002155166618602803
ck_d7ad9921a4d25926,0.02174407314883544
ck_d56ee1654378ffc7,0.01526455704308181
ck_2c7667f64edec2b5,0.01059756074131631
ck_78730527f8ba1438,0.09073957978662853
ck_794ba5921cef50c9,0.029510916487812316
ck_b8cdd6d6dccc4554,0.004148170419955461
ck_12cbb211ebd2b437,0.02462703912943706
ck_85cb5033fca7c846,0.03164116539654682
ck_1e51199a075ca0fa,0.008447667575378263
ck_e0f3ea3373dfc4aa,0.043485791529654684
ck_40799e129fcf42c5,0.09184343572614151
ck_5d4ed73b9efd7d11,0.009090431201020054
ck_243b1b9fdd3f9a74,0.004703522820253221
ck_9d64187c0800f84e,0.26624284804687437
ck_01eb24c18ad11fca,0.035464364404704636
ck_a0e46b67e986ab56,0.014381535691039317
ck_cff18e2d8c520272,0.003790110381615558
ck_6a27c44b691dbfac,0.005900644154932274
ck_e6ffd0754ac08661,0.001948504310973079
ck_a7acd5b015823793,0.019521748297089605
ck_c3f360c2d0ea0a37,0.015268357531465479
ck_38da3bf629458682,0.007933657046359848
ck_9a0b605e9c3220c4,0.022668190201764523
ck_e980d325b8dbb8dd,0.0011786632977507224
ck_75b69034000ca7bb,0.046373903507573706
ck_d451d24c780b5884,0.011130594544551856
ck_2e824b0b27494a17,0.029244161731547494
ck_23caafc2cd34242c,0.00815622526002501
ck_ffe2aa26f597e552,0.020837804971346175
ck_eed7f1f7548df15b,0.009268190598177913
ck_eeb75f8a6439f65e,0.03351833936108435
ck_2e481d75d110c06d,0.12366653671102538
ck_192579ecdca7ff83,0.019105333426310288
ck_869b1878d09d230d,0.16245841950259626
ck_323a71f9452d21cb,0.8973129273388748
ck_5e68ea2c5e893cf0,0.026431185643586586
ck_be52a7ec43241ba4,0.053607351279603005
ck_77b56c49cfdb1d81,0.08283202831016313
ck_15e0b679931f7a8d,0.017686365370738352
ck_93776b0c113f41f0,0.060780052148696945
ck_1f2760764afa45e8,0.0033695999174804645
ck_3fa1a523d77cd619,0.028839708687899198
ck_0e13c4f73818149b,0.029617790803011024
ck_59be61b53d971611,0.010968385823317313
ck_87eb43e3b9d96169,0.04680297346335273
ck_9b7167da0920c37b,0.037127392282133846
ck_6cd8e0196365c474,0.008237077557994205
ck_9951bd806c13c7fd,0.03780546331816399
ck_c6d2e11a368184e6,0.012801888329036495
ck_c646cdead6fb79d0,0.010387471732803922
ck_abaf371ec8249c4a,0.04400582632464724
ck_ccb3767c239018c1,0.004197082375968394
ck_e5d1462846154a75,0.027733816494300047
ck_939fede90473e412,0.007614931669640933
ck_bc89644ae3688995,0.023611098767047218
ck_71c917295020ccc7,0.011536974110794794
ck_1d58f6caaa4d012c,0.027554556744705173
ck_609c249edd88c565,0.005466524689209421
ck_b1496c474c4a3239,0.0027441046491586095
ck_00a07fc2a9183c3a,0.0021888734506902035
ck_2122f201e65f76ee,0.008625136383141193
ck_a5051eafe8b51224,0.007907971174486824
ck_129e39ddfde92eeb,0.00207366588560203
ck_102db9615e722c9e,0.049357686581757806
ck_b6a2bdb2d335e1d0,0.9870946400338874
ck_c4cca8278bdad9b9,0.0025140117802371137
ck_212525e2828a6c45,0.021071756812842426
ck_84ad096a46e1a960,0.06401211451140407
ck_1294f7af22fade11,0.05630936108339387
ck_0d33977c3de8cfaf,0.991639932668419
ck_5c47b49c26cce286,0.020866900473441842
ck_f558fe02bb0219b8,0.01786930983097435
ck_c09c914e416edd08,0.03539411636612697
ck_f8b3cdffef535330,0.1669168825260237
ck_46a8db16ad00b749,0.022157755815159108
ck_310f73940fc4cf4f,0.013979799296320924
ck_3d7fa32dfb9fc692,0.04756030003460143
ck_fe8e5a6c880ceb4e,0.010090564236625913
ck_7176d12b18f2cc0e,0.014023231542916344
ck_61d244b2cde483af,0.011815347650699495
ck_3865b7525b910893,0.04752372310494644
ck_efd7b9e22c6317d6,0.04849742047444647
ck_5e418a7c04437b4a,0.024647961941086996
ck_2db3fb565e0211ee,0.004159726764940691
ck_1071d14c46c92379,0.9127516865560144
ck_1d7cd5dcbcdafd7b,0.7311539669370923
ck_dca9dc465f759db4,0.009160647368153396
ck_0d4dfd93086e7330,0.031605897827474166
ck_16077934338472bf,0.0017656894658963948
ck_5249b223000915ec,0.019723066861337513
ck_125c5a720ecb177a,0.07383430800804139
ck_62337eccb1672737,0.004971100465295289
ck_13376c59b5bd6943,0.002257266343238821
ck_399e45e5fe9beaee,0.009565535272869406
ck_946afc2943298d26,0.008792482727210154
ck_a6e8e8f535b1f1d1,0.049460579636660014
ck_7c0fdfbb447cdc04,0.008661437674789484
ck_ce0166addb93bbad,0.00364739350628884
ck_7d28da4f1dab09ee,0.4859547057970801
ck_0508908697f60ce3,0.05632994985116657
ck_d96eb3cc55f2772f,0.025216803504270316
ck_b4384b6c11766ce7,0.005842038651084475
ck_e5cdbe3aa12c97f6,0.008260875720592828
ck_9f3861940d8d873c,0.04199174934091115
ck_d74a62ab3804a81b,0.012145049848851914
ck_7cffb189f4f514ec,0.9878361647246464
ck_ec8738ec663cd2eb,0.33851297880972336
ck_715966f86d5c913d,0.007641286914249149
ck_6da9c5912e15d9a8,0.006058336373000178
ck_c081e1967dcd811f,0.03135592004683836
ck_f9f93d1d41be1468,0.7650229080773487
ck_583d6ca78c97d91e,0.22255921376015925
ck_533c4f7400d5ab22,0.15053813823417497
ck_80c0a7f54ff4895d,0.004655781054682275
ck_a60d6b324bae0330,0.023944629054989473
ck_4eb1c12f7d092bac,0.001493005431188238
ck_5a9d5f9901e37e31,0.040218408494107225
ck_5ee32bc6bb5d1d4c,0.06409175205482454
ck_4684fdd61c6a0fac,0.020002573870295047
ck_510bfbbee37ff436,0.01363988256724706
ck_a964e6b5d8415334,0.37057671012367993
ck_1b708e2a4a0584dd,0.04358551223590748
ck_2369689bd795ee10,0.021420762152064243
ck_e9dcf535f8c289eb,0.1004376483805561
ck_09748dfe4df3d540,0.005176726407708751
ck_2ce5afbc014763b8,0.021231222844679428
ck_132c16312f37810f,0.006895525393158564
ck_010264ae04f2e902,0.11776467013846358
ck_fec0ff92fd622253,0.020128211834511578
ck_6343e0d3b1c2962b,0.018223629402131774
ck_be51f4e5e6b85768,0.24338069730796225
ck_f2bdcfb4203ffdee,0.028719362751798466
ck_9720a472a3e0140c,0.009856140133825273
ck_9aafc33fba1474cb,0.009912225899523758
ck_5403c76fe68a08ba,0.28877070179968223
ck_6e606f73a1094afd,0.21191115666988714
ck_ca9d86f65cfdf018,0.009884717068160086
ck_b9f6040eebd1605f,0.05479540542085067
ck_b447badc9138987d,0.00802256932596824
ck_7fc513033af061af,0.07735369858372013
ck_01c631b38e8a9535,0.012302724292736789
ck_30753ffe481a1b8c,0.26034699157548025
ck_9129c92c12e0c8b4,0.0043783950161441765
ck_c401a26725b17177,0.002665873978147837
ck_117d78ccd5820f36,0.01352677574370974
ck_b5777605668bfca1,0.00570334782251297
ck_0e5385c70c6de025,0.02049094584442005
ck_6a0f8f8fa4a3c2bc,0.020379749967040818
ck_1c65e8d5be3b9c60,0.17924668955460493
ck_432cc19c7eeaa46e,0.024116223595025237
ck_ec7406cb5cbc8f10,0.0036481023824604863
ck_18eb1f9181f95df4,0.011197956842125325
ck_b837c7dac2a9b931,0.01687190745215321
ck_acb84dc2351eeb76,0.004908862657666639
ck_812cb3a4482cc618,0.023282381247241198
ck_1436f6e11d4008f9,0.013946754007842588
ck_cb83b9f806e90dc6,0.10443393083242493
ck_60ac5e5f375daa38,0.006093276861047339
ck_a7e669cf1c3985aa,0.015021394753176626
ck_675c0ca1ebb1051c,0.0074044573345517836
ck_398f3f4cf05c721b,0.006407724232936654
ck_3364a1d9261b3638,0.006898368885122685
ck_8dbf61df902a6bbc,0.003043161891905899
ck_25e551a0a8d2fcc2,0.030091027343145692
ck_7831ca5c31fb3859,0.04382697943674739
ck_7989376f8cf64a9d,0.04222561653660796
ck_0027ba644f9ae2cd,0.07052319068792531
ck_02a9104419a6dbaf,0.008731783980368647
ck_f97c477986043755,0.005497171766283237
ck_4b68b38c1b3326a3,0.014017466588835951
ck_190bc849e5ff5401,0.03285706924354086
ck_a0e96fed380440b2,0.010603947739983688
ck_bd25ea782e375b22,0.020977328555292437
ck_50ed8f4e7ae6710f,0.010888845470305547
ck_86a2d852a9715432,0.0624216898699161
ck_5954f45a2ab45f43,0.02801392488898395
ck_5fc65c24e0736d5d,0.984651244214428
ck_51d842e6dae74c71,0.010391287679710034
ck_b05c4d33c4f43639,0.03604971222983658
ck_538fdbbb3c2bcbbb,0.12430779801349146
ck_735f244b99e3aa8d,0.018163246329551297
ck_5a4eb535c9a11993,0.017152682596570608
ck_706a4f673a9fda3b,0.35270116736921275
ck_b92b11d205af91eb,0.0020132654210838004
ck_84569a8fc50e73ac,0.03146570180739063
ck_a5ecbefa849ae569,0.022689785308298745
ck_40bc6de252865f32,0.006171102889246433
ck_4666232ddbf77756,0.007473663339661169
ck_aa0b083e2a6813eb,0.25569526291262074
ck_634276b05f4381f8,0.02592564316889633
ck_fbff7b5da8111567,0.009195978377982625
ck_c00e70606904539a,0.008407264969074141
ck_0e808afe2570ecac,0.028131629654569328
ck_b1495ee5c59a6b28,0.017789382981782616
ck_724e459b9ece38f4,0.06751580816857004
ck_3c08546dd0c92863,0.009558623744699936
ck_aa9b28e7fc43af79,0.784275463422679
ck_f2f3cf9cd23b2809,0.0271436208803034
ck_19660cec756632ca,0.005534126758999329
ck_221b5d40358230f4,0.08979626267212074
ck_dcbe6814fc4ca0b4,0.047728149906152234
ck_5f0be7b468a72333,0.01098434882283511
ck_49685deb63e4e8f8,0.007009430023118734
ck_032880f1114dd51c,0.10930930476728548
ck_238e53b6dee8c301,0.003701842108757846
ck_7c7ca54969eed187,0.029417675953949583
ck_a6c740041faf0bd5,0.01723408239529363
ck_2455d43bbdd2bb69,0.014050028557717737
ck_6c54adce174f45f4,0.012451144492255848
ck_192bbfd0d5720134,0.01606200341433894
ck_85e5494ec20383ae,0.023661304067766266
ck_479a065d5903e9c3,0.002542445884088666
ck_408efac1d3885ff8,0.03344664442771608
ck_f7e958a286ae3b57,0.004077908284631647
ck_8dd44eead7d765a5,0.02081558217966059
ck_2c4d25acbe3fabd9,0.06569743996067048
ck_621c9ddde6bf2eca,0.05448864522721522
ck_2df4854186ec515b,0.010730909186570433
ck_a15fe7d0f4b65c33,0.8303590306698757
ck_73b729cb161487f2,0.00899516335754962
ck_053746067839696b,0.016231354200904918
ck_0576b00d728bdf19,0.04828744651747881
ck_daaa995f3c2f0e47,0.038919281641351715
ck_a777c813551281fe,0.007874393716893134
ck_c4de808ae69c771f,0.007789823363592652
ck_1d3e561a7d20be0a,0.9862556241556668
ck_4cc11c7d3ca61f73,0.009322281239010325
ck_fd78f8a8663646d7,0.006430955585009373
ck_3b150afde386ecff,0.0526988705401807
ck_9fb11688dcfe1513,0.015899506234849675
ck_924e572517515f19,0.19009836522059093
ck_eda55c8fb47593d7,0.007463911378408648
ck_e066f71f8b296b7a,0.004932973914320139
ck_32430e678c4f9f53,0.006471729217216377
ck_7484c214c889fe7f,0.03760906772616393
ck_7bf668e25abeeb05,0.0060600838603983125
ck_3925f8565abb7fe4,0.006823491896045245
ck_933789b55361d7c1,0.3635496951933516
ck_04212a9bb9b28696,0.9962780917963276
ck_f04938570a154de3,0.010597429713619485
ck_4ac918e884cff336,0.11379150324486849
ck_666b95e75d99ec4e,0.8910223370193676
ck_9b665ef46d785324,0.030650386753964854
ck_de056e37c82e8e00,0.026723759967940155
ck_618c4e5cfae99dcd,0.05959201906325008
ck_3b74512f774a6e5a,0.005447069531590384
ck_1ad36046aaeb816c,0.010827994231605454
ck_2df5a9fc87553eb1,0.00917745372618879
ck_b367449195e36499,0.020202164724017296
ck_1242aa4496576a99,0.007813649128952199
ck_133d8a1ac7c0e301,0.9775610808726232
ck_b804e784cde9af8b,0.010253288473652172
ck_4b3506b624e5193c,0.030154544164348027
ck_475ea9aa6d3898b7,0.05383378781402737
ck_337b24a474010abb,0.9907967500622826
ck_749e0e50c3907be8,0.004151837971335003
ck_d1157eade2ac3975,0.034747726110678716
ck_c2dccbc1b24b137b,0.727630224712363
ck_af02e1817cfa40b5,0.03468641750131651
ck_e9a2495dea8675e2,0.021495792666631666
ck_1df4a1781a0f6999,0.03324880916400713
ck_f85155ca5c312c7b,0.17872294917097709
ck_ff090498c4b17ac3,0.011543830695427049
ck_17673a1c2867888a,0.0021607038435490734
ck_cfc2384f22954830,0.035153498496911614
ck_bd2cdd53fca26171,0.034003413541956164
ck_ec1c902b9b9b9c5f,0.08248238344483011
ck_317360ec0a67d27e,0.08051456574625235
ck_3e3ea5d8c4a229dc,0.06386738195917305
ck_546ad962d04b7de4,0.9893901470501673
ck_82f07504ab59ed33,0.07602631686873101
ck_382ebf136f7fa337,0.1203921265232189
ck_ed471e496916ee15,0.011899870714975915
ck_0ec820b670d48098,0.004424181730948775
ck_0b20bfc515ba42a2,0.023686324462224066
ck_42341cf31c08c981,0.013902921683589354
ck_42dcf92e9e016922,0.03693936981635945
ck_424c254249a109f0,0.01260472436570066
ck_ba576d6d4cb6130b,0.08886329213787712
ck_529fc3170fd11abd,0.05453360129258759
ck_be48f583f79427f7,0.015849046513305536
ck_94fff69584dd3b2a,0.023064577247111716
ck_6babe5b8674ff51f,0.016340117619114185
ck_7e826e233d6ea028,0.022554986291615283
ck_d55eb81a4d543c59,0.009090853479780142
ck_12e2b5ebfe8986b2,0.0066735699594647575
ck_206f8e3cd72768f3,0.025997163675897224
ck_a2d7a563f520b7ea,0.010930464770126202
ck_47cad6c3def4c9e4,0.003457091564586566
ck_46bc797b4d07d607,0.003665590002135383
ck_bda299466bb2136e,0.019804933821876657
ck_77fce5f86f00b8f4,0.08513727495397472
ck_25822068c86c856f,0.003252375872603681
ck_9191579254663f5d,0.04812067598429116
ck_311d395fa9b8550a,0.008253997229116666
ck_31e7742f160980ef,0.016399640790209093
ck_f3dcd818db92de7b,0.03052591756547706
ck_150a1108f936e6b0,0.004540491964757623
ck_4c37586080edb7fd,0.0016131755777448046
ck_6f8ae0319c07cafe,0.0033327475182627466
ck_fb2a35571ec719d4,0.38726302427126225
ck_e45012f22b7f91d5,0.005435132144084149
ck_70e6bca473bf6902,0.009142751975120697
ck_e7501307c0698e5b,0.03368476999130243
ck_e08e9c8ec5f23d8b,0.019157771739751455
ck_72771757dfb7f7a8,0.04129413081385207
ck_fc418f53ce4aa579,0.9698818797448041
ck_c1ab40638f04cb02,0.02113062257456231
ck_f01be92dc78a2dc7,0.015354392033154276
ck_703703bda38fdcf8,0.012903661429865574
ck_a1c78972e4ee4082,0.022689150457201015
ck_255f0e5888ae9e23,0.03545610880936074
ck_3b66196ccf436c35,0.018172469969963363
ck_75fcda73f0b43557,0.05308856000189646
ck_d3e208671cf37f91,0.9516507454214869
ck_233397a8bd40d38d,0.010475822819369792
ck_01e7960c63dca3a4,0.8823671314964545
ck_d932f98bf6b83956,0.06439105138105126
ck_abbd1465fc730d78,0.004883030298432426
ck_7890208951df34f0,0.02204184554886799
ck_be5bd81e3715cb8f,0.9836034826720654
ck_ead68310311690c8,0.9116397020244449
ck_c2bd5a722aa637d9,0.005741059583147237
ck_197f8058cea1fbea,0.002278925093834579
ck_ab33fb754c818ae3,0.01837592843641908
ck_95fdc264eac72fa0,0.005236690482597864
ck_02adda6e91e49650,0.02584926841344795
ck_c54643d94d3ce355,0.03557813741883975
ck_9aa45c4e03c8c57a,0.019658830023192974
ck_427b91925952cb40,0.04097238960217985
ck_c4ca1434f3778f1d,0.9773056333464261
ck_89a1a780144d808b,0.007560141298569429
ck_8bedacc6233c6269,0.016720510808871162
ck_f4f83b1403ebea46,0.024769219823169354
ck_a1fd0ad03ff9b776,0.0201265858312683
ck_c30201ebd003fdc7,0.02074852503789458
ck_9fe9bdce982b312c,0.02905093194698096
ck_09169f22194fd6aa,0.06921353337668712
ck_976fac1bb3dd8c58,0.021085805162577596
ck_bac5233623b25ca4,0.022584567647696806
ck_9f83fa5a2d3b9049,0.016850199357344796
ck_b2a79dd3df560f14,0.04710776411046965
ck_62b9fb3db284941b,0.01936154500163305
ck_aa075c418ed9fe5a,0.011174121302370506
ck_c6abd5d57b1009d2,0.004220412930291352
ck_0734fd90b2cabd43,0.025131805777618848
ck_bafe82c870356706,0.9734789078956528
ck_e35eb857c61548b2,0.963163280269478
ck_22b587c18363899a,0.03783673424960158
ck_aa295a11b0a6ab36,0.01054419061597042
ck_d839798f9520363e,0.05481443435637105
ck_8049f5fce32be185,0.9076218675435882
ck_e2ab04136a442a98,0.01354412330538331
ck_c9d72140b0389216,0.03449257828155164
ck_f234ab47061ba7c0,0.002379429270286491
ck_31fc51d5a3dfe16a,0.026034263068959042
ck_f517f06551e69507,0.004779604548269749
ck_392cf2cdd515c34d,0.017930473640654202
ck_366616a725afc6bd,0.012279678786764198
ck_e18ac29ea62cb435,0.04763023164349962
ck_170c65860e2a7e23,0.00919326364028699
ck_093e3a7134e11d6b,0.010729899085463464
ck_d111c98b36bdb791,0.004938540838460199
ck_1ebd574406235957,0.022440971262072153
ck_65519d0fb137e0c5,0.005876237313538746
ck_ddc3fc99eaba2064,0.027641386663187082
ck_1be8cb95d6d9bbf8,0.0037821579175424027
ck_242521e261148fba,0.004903961104701278
ck_110608c3b03d4038,0.7310832456462206
ck_0dd7c5925d28755c,0.005615461829331283
ck_f11be8ce05382cec,0.011625273180172837
ck_129ffae92dc01408,0.0019138769802743414
ck_b0b9047dddb1ec84,0.48022602705985024
ck_b4954d16b9749829,0.019218400449406703
ck_66a8325f28be7562,0.005992755809986737
ck_e1b1e7a7e4a15b3e,0.012521919903629134
ck_658b4b54be09a4bc,0.9831602108097159
ck_77f8c5042065d506,0.008751797527751178
ck_b003e5b54df65db4,0.020488600710765664
ck_ce81ff9b8b35562f,0.011522108968940093
ck_d27b872648b71202,0.006615219845604502
ck_3acfec10eec32f9c,0.03472263893199993
ck_813e02e1ababd177,0.009782325644844908
ck_ad9a18f58589faa7,0.004453484873562317
ck_62f5cfe22c952694,0.0050849234294896885
ck_a46c1773f01f0be7,0.07373861076586985
ck_405b20ef9ad0ba5f,0.045559650124470136
ck_f948e8a8fdd79b4e,0.020053217270505363
ck_81275d9d4c559e6f,0.00971578432394797
ck_40e84e6ffe788a4c,0.0205546225003322
ck_17733f75ebdea93e,0.004504639581167855
ck_4a1f0172d3bf4fd3,0.008888563233612572
ck_01ef1036b2e66a4b,0.017537783583533476
ck_084a85145c15ed77,0.011543640876065318
ck_62f46226f244139f,0.0521133377038972
ck_43637d28c7216453,0.007326930393143503
ck_fcdb4fe2f095fba1,0.03525769733787522
ck_9f85fea4490c00cf,0.02538155464092246
ck_83e5979334345622,0.035857910045971615
ck_231ae0329ebc3220,0.03434325753662766
ck_a49a2c1f881a3560,0.00417690504298563
ck_88ab6d245228c38e,0.003070751378250145
ck_b62276c3426d680c,0.019049813130562577
ck_def344d68f06d749,0.019600200891782858
ck_8b19bb5b23b6741c,0.03132191994610309
ck_c009c97d5fafbced,0.09922506477314694
ck_9e298cae167f4693,0.0060953293041554404
ck_84d62b8196da2452,0.01832933171725595
ck_6f73cdbf9305e2ea,0.02270190546170881
ck_4c1fdd1669c7cf51,0.009929667100230879
ck_744eade757ba69b5,0.07084584454130954
ck_b0fe4b92fc70f72c,0.0024850500260105253
ck_dd1c490050cd9051,0.03800448975087509
ck_17bf38d51115a8f3,0.00940769751412401
ck_166aa980cc87fa77,0.0928300346347268
ck_f17ed7e0fd687742,0.05801733266324777
ck_26896c494b2768ef,0.013950870863398225
ck_88ef9f85948e1a01,0.003812289667434586
ck_a28d9bb5590d458f,0.07835782068463668
ck_8b8b9de339d75d0b,0.02506285900854285
ck_6715139e240007d9,0.01601617709553894
ck_139b54e6ccbdd7da,0.0325977012365629
ck_66e81a4190c33510,0.011276373305215068
ck_4e862c2f48c38aeb,0.0031099875733931544
ck_1a3ff7620580a514,0.00903271742027012
ck_f33188c232a03526,0.10992624305402911
ck_348c874eaf0354f4,0.04314933437308379
ck_931510e384b1d0cb,0.01339427935850164
ck_e15252ebd7553422,0.004132662776728629
ck_a3cce46d15cc20a2,0.10408268142824278
ck_0dc1e536231c4860,0.011475592266905438
ck_f92cd37022b0ce21,0.012495428132527322
ck_bb99071e8f58c8a4,0.6878025051590917
ck_06010f0df5b7cef8,0.04446750090216259
ck_ab7cb50407d6b13e,0.039321758038698244
ck_16a06d58d71935bc,0.10675466945689344
ck_68f56f6560a7a933,0.006658174744412771
ck_a019151ca8e7527a,0.018024830100170405
ck_d1b9e5d32d2d789f,0.005596257050314999
ck_615763afc2e17a7f,0.0024707341178158266
ck_5eff0208c74ec714,0.011744894560231565
ck_7eebd0e6ad6c070e,0.15148114491434586
ck_cd4c63155570d6ea,0.004938086951274199
ck_c5414d7a8031d4f5,0.006828393622863608
ck_9a88a5a989cb5bc6,0.02900171969062264
ck_541a734fc457246f,0.08649521997883
ck_861af5a9a9a6d619,0.00876600134703931
ck_2cc1d9b587f6da31,0.09756945234956282
ck_7084ed3cf20781b7,0.0348234799175212
ck_e02f93f51cc8caf3,0.006726253991757644
ck_9a930faade55b8ea,0.005427497048987386
ck_0afa4449f20d5196,0.005698510263950005
ck_4d503c41cf4e5034,0.027860852752450822
ck_6ff0fc7487e737e7,0.21162240742613725
ck_b21d8630387cabce,0.00813256423586387
ck_bfd9bfc5b6ab4a54,0.2984221047191008
ck_629537d8b4d0f395,0.012603917985177196
ck_bfb067986660afe3,0.0517748775966965
ck_c1a31690c8573226,0.005871138251323462
ck_94c9a4d382689e82,0.024158077615108492
ck_397c03aa33a57310,0.09612213308994427
ck_4b4a3c5b95c55b43,0.001750787233037121
ck_40780fc0f8d6f309,0.03115630668951158
ck_72022008a92c9386,0.03653727760773291
ck_0af18b3ce015d294,0.006273035391986337
ck_a481385c2e60dc4a,0.006420584903263167
ck_e49b5e4f2f2e79db,0.30788920964541516
ck_cb88ef3dc1f42225,0.004861309718435503
ck_a4e2607b4c8021e8,0.002219752463444293
ck_8aa8b9968233a1ab,0.002661688629812512
ck_cd32e58e8a1c0e85,0.030783747711636944
ck_69b5620e00ef5dec,0.0022960333208011624
ck_0dbefdac0a1868fb,0.004548840208920738
ck_fdda581aec411010,0.0029701039621281337
ck_35e411b05d22f663,0.03352472713584499
ck_11662cc7940ffc82,0.04135961450972305
ck_4db6d4fd2b49aa81,0.01963254271758258
ck_cd0e76f0e7bb38cc,0.023525046280077167
ck_cf52e46fa54e4540,0.0032304140308053258
ck_337b930fd149a696,0.009392567998450839
ck_86a61d9a39768e87,0.028578288443338297
ck_8424bf65223a5a9e,0.009338462853357321
ck_9625a64406ea16e3,0.005008093302458444
ck_ed0cc1b1c28f9511,0.032609147451532344
ck_9158bdbb63ee8987,0.044103881197478496
ck_2f241b97c0f8389e,0.02181962713623641
ck_473d6314ea614b29,0.006946653253800591
ck_7443d6dca8cd1352,0.004660359891393108
ck_c6fbdc5ba68a8466,0.023161540107216973
ck_6cb7c97b72d6b5d3,0.03581187812865707
ck_b43f04431c267dea,0.01654264053516948
ck_77b2fb17c29f5e72,0.02381096540590574
ck_b1c51fdafcd80122,0.01500205249439478
ck_819bf3e8231f4081,0.027291892699280108
ck_1dedcb48ac381a1c,0.17228837790079024
ck_888651bfc2c8cf70,0.008102289061868589
ck_af0a6540ea7a36b2,0.01711781002108869
ck_97e980463aca4644,0.004871587591869105
ck_6faf3e6820398866,0.03381836079957967
ck_d0982b4e0e118e4d,0.016995182763567953
ck_3f5e8f3f1df0c8c7,0.022608987415937237
ck_5d8481e2b38bd99d,0.03740133573374947
ck_569b83668d74042d,0.7432966620547169
ck_f8b6069d7577fde6,0.004479357995799533
ck_837cc7fd48453a01,0.01225210031501692
ck_2973b8274f0bf69b,0.019234411655650395
ck_69bd0b1abea7e1f0,0.14792160972377885
ck_fa0b234481cb57d3,0.044507041867837105
ck_cbeca201dbade3e5,0.020559421159270355
ck_05a00b1dd5a03359,0.006485941117239808
ck_77c0fb524edb4a94,0.008338251008339154
ck_e64f0df63e1be595,0.031614958060950375
ck_5c7ad6e731b69333,0.4690346143636155
ck_b657ae3c146cb7bd,0.011237964953289586
ck_7dbe24ba01316775,0.015824751957134692
ck_0e3f80c1553c591b,0.018503395003830067
ck_3edc45db58760d76,0.01158911158370067
ck_24ff97ad90bdd69a,0.06188581978038729
ck_263f6c5ff26b5e98,0.00832388213534888
ck_437afe412ea4259c,0.0571872613966176
ck_ae8c9163cf957d7e,0.007744916471451677
ck_3f8571d4f7420b2a,0.07320256341810089
ck_e6465c56b337e6c2,0.020595964186048376
ck_7dff6abe4bd644dd,0.21839726757069852
ck_27fa694569140345,0.0024461881331703504
ck_cdc55623cb16e6a9,0.004691991464345744
ck_b08b3f089138c901,0.009363015623574947
ck_79da63fc100830b5,0.010522538279603866
ck_4339f86c87289222,0.8221270018274399
ck_38ea56d43afa5660,0.019403146232550208
ck_33ecaa7b892e73df,0.009865248967992787
ck_dba767885bd6ad69,0.004420695766110801
ck_b109ec4c63503030,0.029422836744552032
ck_a7f522382509cef1,0.0032970854258024384
ck_d9143e236eef177f,0.03111192174137272
ck_f790d91e5ff0eccd,0.17351518925389448
ck_064013b0957d87a5,0.9875899999161055
ck_643f549b4ac78a26,0.1554304432851842
ck_a07e7409d6d5aa06,0.02188749472206285
ck_c37f03995f0f0169,0.004712595749805577
ck_8929d2eb09872052,0.09867877835339303
ck_27f20337bef5ffe0,0.026869922603451345
ck_7c67b73196e3d0d9,0.015307846829483225
ck_e30db36e376606f7,0.1926205418174647
ck_99b4f266b61ae7ee,0.02313779855730401
ck_4072b59388976896,0.017086964139011097
ck_21c99e1d6b881894,0.004915221623594607
ck_ab2aed614ec1cdf8,0.0229104052515851
ck_a8cac8d480306839,0.0028518560600392434
ck_36d37be780c1291c,0.005667658548213052
ck_7b3cc6cc3f250f39,0.016458827701431318
ck_b6673bbe61d2680d,0.0411719114435901
ck_c251898b5d51e3b0,0.031273214737753754
ck_69105f881da3c821,0.013841655049516118
ck_adfb8472d5c3d669,0.02300589503315146
ck_4a24ad61d017e1ba,0.029339424173850093
ck_15ccbf8ff7d14086,0.020389434317211352
ck_c4bcc7cefd40f8e2,0.0026735398071378955
ck_8d5eda29a2cffa3c,0.01190922746032567
ck_df65967b8b40319c,0.0021386904613633923
ck_329f7de7279e74c5,0.01437969637527654
ck_d5b8e74e7ca6355a,0.02287920684748777
ck_faab769cce19879a,0.03492886020998021
ck_9b552204498b6762,0.020304296472642768
ck_c7dd84401e29a7fc,0.007332718917614753
ck_14436a409ebcc90f,0.014885176448939143
ck_f09165d73ee903b1,0.016883816611486614
ck_3dd542c2d31be2c0,0.017361820121123875
ck_8afc1112c12f5402,0.0073536567812286496
ck_4682fad271d47eb0,0.9608944130128385
ck_9bf0d28119fc42c8,0.039949274395702054
ck_4610a073bb54d1b1,0.039449714650413754
ck_f781539b1042dc83,0.0051330871388312075
ck_3199b471575aeb3a,0.005220647183595108
ck_51d3e8dd7465c015,0.00544328513304178
ck_bcfb7ffb7cd428bd,0.008904830780396283
ck_8563fed6674afc77,0.016669216492596794
ck_89c8b06aa8c84b2d,0.17373771068628674
ck_9a2fcccb82da663e,0.02075283950233609
ck_e7a3cfb9bf908e80,0.027784233784647255
ck_d99a8b4c820eb46b,0.007764211723060741
ck_ae2ab6be219219aa,0.010550063972899546
ck_a0dab7aa9c4a39a9,0.009741305295046729
ck_604e1b8a8c693aa7,0.037884456912379495
ck_17c4296276448afe,0.004371412131114912
ck_9e9a830785112a73,0.02920574589402678
ck_2bb49dc2388cdc1e,0.0041069848050761795
ck_bb303568b6915205,0.1990165046788046
ck_ab1bb02f6b189304,0.7439886733345584
ck_2675e7a008e584a7,0.0401463134464369
ck_9880410fcd10a28e,0.003983218457151003
ck_e73caa3771ec5e0f,0.008726321518362785
ck_74928f5f91aa12b2,0.054647540092375296
ck_eaebaf4d28400fb8,0.01805919283280019
ck_ec5ea81cf813597c,0.03110457176706892
ck_423ff4ede6a9f066,0.024174371439307306
ck_205c107cec528414,0.6581981516060555
ck_1df66f537496ca59,0.05837448979301349
ck_3646515079e6be55,0.020352397789057994
ck_b2c896beec146477,0.014891875508089562
ck_d80283209c963f11,0.030642212963447733
ck_c4524993ec31dbe5,0.004219812813298563
ck_9f7807ed64cdb728,0.06864877189557365
ck_8550f229b5eb03ab,0.010677931164139738
ck_4199342d3aca74e8,0.040779337357663016
ck_3135c019696ee6af,0.9596416892227924
ck_5d01200ba3341462,0.014483302176914504
ck_a54dc042ebb7c766,0.17138627553126523
ck_ca5b1057f8248f73,0.0300527005494949
ck_1f7ee7b23fc6f2f4,0.004933834749554386
ck_92d782bd9ce0d1e3,0.021829661850550398
ck_7b35d218ed0c5a60,0.01729103079334219
ck_eccfd552aa652d3c,0.02771673502552205
ck_9b6ee35e8cd0b11c,0.006581261170992217
ck_d838491d3d4f5ecf,0.0039511171770237885
ck_3a34c3ac83cf84b3,0.015614957723354073
ck_c08f622bcd6de6e7,0.018976754058921838
ck_2d634e3f24681c0f,0.03213743711734724
ck_956b5af6d7d86c65,0.9363507932495572
ck_9332bbc7125219a7,0.007226881197437132
ck_8007824431fa803b,0.009839410701639477
ck_54b087bd873af8b8,0.00813725148221871
ck_e70418b00cbbbac9,0.04664121054689346
ck_500948a8d4bd8e13,0.011363932645747234
ck_48e84b0cb0b90fa7,0.01945212219304086
ck_1917ef3e6e345549,0.05624041142992613
ck_5c33bb46c1a5945b,0.08256831130758634
ck_b51a58e7f032c9a8,0.03825146554833811
ck_188fdf2be7c92e9d,0.9933666542933576
ck_4a103f8254b366f7,0.01037393518953907
ck_4388abce33ecd01b,0.21552329742153137
ck_321e740066fb05c3,0.3977603567715535
ck_c93def7392f0aff5,0.045511610714695415
ck_8582490d6e365a63,0.015113123615588687
ck_bfa17a0b1760e616,0.002051354278468988
ck_65a23ac8e44eb901,0.005432871138108435
ck_bcc9cbc9ed8b7c31,0.015601061810203709
ck_6426427efe3228af,0.02645271581831974
ck_eb264d1b180d4b4c,0.07001771035251418
ck_b7af9b2ee0eebbc6,0.021219095958346063
ck_79557434c129ba52,0.007588716580767258
ck_073da541ec3f9d3d,0.011660768806097885
ck_96dff7a09d45f116,0.06858666026814887
ck_8ec86e853ad52828,0.05170255455885382
ck_64f5fba6af67e024,0.010379250120628358
ck_e0fb11fc9dcb34e6,0.004477345456638704
ck_361f535599110201,0.019050422802124184
ck_34b0988a97d96902,0.01031726768891877
ck_337c5684510cf432,0.02620392383327762
ck_258d661e450ac870,0.014523361946859485
ck_6b55ec4e87a5e22c,0.6043310684367758
ck_638df9e8a22dfe0b,0.023319144573073693
ck_e36c8da1bd359960,0.05206785718216722
ck_73188a826b5f499f,0.011252113139639053
ck_286bfd719836e9f3,0.10382953497533863
ck_a209a5f7d172125e,0.06141631899542454
ck_fd0483639811f62e,0.1077723629053279
ck_0d16d9349e4a9e08,0.010826147939354068
ck_fcf5d4a4748cdd53,0.011506573128705892
ck_61e1f7168cd9ff25,0.03840324243116931
ck_b7f4baa2cc82fe61,0.014789700731143933
ck_437f9ecd2016a1a8,0.005243652169542678
ck_04219a7ea798db51,0.025966575445360903
ck_644b1c1149eea9e0,0.016018256090354004
ck_bfc82b3c1c9f2897,0.3979127234016639
ck_9cf44eb0237c2429,0.00582752354343016
ck_2106e509d77fdb4a,0.529153377287538
ck_49a0efb5d4067b6f,0.13883302085533503
ck_82f360df1e9f4eb8,0.04985955636123426
ck_9986c7d781ac6b4e,0.013490861579420232
ck_c8413898f5f7cb7d,0.048541606400399215
ck_b3fb83f0d772a831,0.017170346361807736
ck_a2299b4f530be0d6,0.22556753037160798
ck_fce0b6855886a0b8,0.014207855801877294
ck_162513e73782929f,0.015019110754438354
ck_3e9e3bba8bd363af,0.003629548528734439
ck_88cd35378075c84f,0.00297036940416383
ck_20541686a94fb71c,0.05281416327429975
ck_fa80da579ea9afc0,0.009531141108752148
ck_7916e53daab36745,0.030860031684498475
ck_121db7ba3be29ee8,0.01609510593875144
ck_01e5986ebb9a78f1,0.032046776177765635
ck_6c26c12071c91ff6,0.0037929730734736714
ck_0e6e05c3cc8c8242,0.007686144264608789
ck_7738eb085e5753d6,0.1962488637293763
ck_2bf10be403849c9a,0.026176409517289608
ck_3e6f35e4500d2f2a,0.0017096345848400267
ck_7a9f241d5f082567,0.0029888679833961944
ck_247589ff532f7aa8,0.009664908593472401
ck_d1c787c27d50af49,0.024304238151544626
ck_49c98bebd1338879,0.0036668581639601123
ck_9afc3bb849f3a64d,0.040703437174562415
ck_1d40e4fc541abe93,0.14818954835758222
ck_4fd9dc00e1913587,0.9806736888644336
ck_c19371047a2d011d,0.0030489632303552835
ck_7d9f73dc7c4f90c3,0.06623662020964816
ck_8c84fcde93a04334,0.42235927088250147
ck_e09c97520eb0533c,0.027577308748305024
ck_a1e13c0d58560340,0.0019852479739904784
ck_cacc2ca410cbe80b,0.025317195497272932
ck_dad5cf32ab9f243f,0.005483336646499864
ck_b2cb9e6610eca967,0.018677843497673322
ck_1da2f69023ca4c13,0.004588179256250001
ck_25122cc0e8b1a662,0.04196108961416956
ck_dfee9de05e3971cf,0.006508664982156154
ck_ca54b32fca7e94cd,0.006592497966588718
ck_384ccecd342a24ad,0.003725517662239418
ck_6abf8302ce052451,0.14059610273694886
ck_6ffa90143838a4a2,0.003224607280080124
ck_34f9951b0eca1965,0.023843756830042008
ck_9385f5a1eeebefcd,0.03444677798658147
ck_3df8da6f60a89a5b,0.02329793939067146
ck_08ff5bd467226a5f,0.0021967672768475432
ck_6eceeafd56b42576,0.13475269185075495
ck_f744e208183971f8,0.004206766360000376
ck_7b45ed23304a854b,0.017500764764005014
ck_f88c79186a082beb,0.11656667119911766
ck_b78d785ca3ef773a,0.009743029560436333
ck_67207e3eecc02d76,0.034027548009116955
ck_7aa8bc018c2b003b,0.0028480304526577226
ck_676fa5f6aae5475b,0.015489231394475392
ck_73c18e03e3c7612e,0.004394670210975009
ck_d91d9f8445b9769a,0.8598758759315552
ck_f6a4a7ed27fe76fc,0.2074635289724065
ck_8742114f4f0cb22c,0.10859966896748456
ck_5c82444b3b9160ae,0.018473267439537703
ck_2acb54ca20c3af6c,0.027823053848864597
ck_15b93103ccd38609,0.019196125102445193
ck_16541fc15683e21c,0.007875434128749761
ck_039e6d5a330cea1a,0.04373266140345379
ck_d8116c34302021d7,0.0022596157697563866
ck_e03a9d8ac94161d5,0.012901982891130159
ck_eeb854318b3a6f0a,0.013153416140594102
ck_e9f228845bf6e28b,0.023492683823612828
ck_203c2a22c0c165ac,0.043731848102525554
ck_5b59e859bed5b40e,0.022214059257654847
ck_7b61717f172f9317,0.8650310811249973
ck_114722e12db90a73,0.021715292157617746
ck_ccc7916b56d42195,0.012983758116096424
ck_2dd147ce6d61749f,0.026531500482723677
ck_9ede51c8434cff6e,0.04012873504963403
ck_88a8b1d442ca3686,0.01614121730243623
ck_36d2be9012f7909e,0.034688249178197225
ck_495d814d6d6d521e,0.0018925745826652394
ck_6f5bb0c930644cae,0.9944984514768608
ck_79749eca42ff1f5f,0.013413492094731036
ck_cebb8aa8c8f62c60,0.0067785245921722906
ck_349cc5edda1b8853,0.051803964885507675
ck_85df7b7de9700aba,0.003741504975339652
ck_e0983999ca26c19e,0.05824196076463288
ck_d879d645d6e44207,0.02211459896955165
ck_a6c02ae50932cd9d,0.01162377540602345
ck_50176dae5b1b716d,0.013974196249718268
ck_d6880578428b965e,0.11460416610351357
ck_f51fe59cd445d2cb,0.007253115678511096
ck_8440ef1386c07194,0.008278695182773015
ck_28cb9b03e89263f1,0.0033882138070290982
ck_5ccc1a1c78cb33ee,0.05164204874648388
ck_e04166b0ce66393a,0.009442633628692982
ck_72ff52c4824072ce,0.036384325914365634
ck_11f85bc705dbe036,0.019092321285578882
ck_89f3e380b0686963,0.006614244612972824
ck_26df74feac7ec51d,0.009452301006138164
ck_a9812ff3c111ea94,0.043882055498594905
ck_bf6fb7e6470e95cb,0.0017440330507081368
ck_cee4e4e1b62bf82f,0.03516849298883744
ck_7c560467daca735f,0.0016232525720580957
ck_f72a5a3b0d6c1177,0.003030075804859915
ck_5fc90b4668ea81bf,0.020591743233681202
ck_c2a5c54ad8d0d297,0.026777720424155292
ck_7508aa554fae6afb,0.13776438625671272
ck_003aa842b7ca1d77,0.29543621963792027
ck_573feefba6bf78bb,0.03858533490166086
ck_83b2b192f41ee2bc,0.11016853494836652
ck_64796b6b2c3c7f06,0.018849433953075423
ck_5fd8924732fe403e,0.41858161909864705
ck_1d96d7fd65f208b2,0.030475465353361982
ck_9d00823bf60388d7,0.04506034154155255
ck_0ee6965e68efc177,0.038366388852023176
ck_337e98c69f6e7886,0.011246109253726202
ck_b8e8dba20676d87b,0.037332064610047976
ck_f8ac3a0500c0ec62,0.018387461554083443
ck_577c816b41cab002,0.9789150193081353
ck_05c97fc9de11aba6,0.4865277719326251
ck_c82364d87875a1a1,0.02671992606770203
ck_e43e53cc7b8b8e41,0.0150662735360585
ck_d07c5b0321c685ea,0.15803104400267348
ck_16077ac345472e6a,0.026872067332703687
ck_e07fd57565c94c28,0.041320213064823405
ck_a4d6e152b0076964,0.009861599747448012
ck_9929723f65636c7f,0.985266621663908
ck_d90b1d03ae151f62,0.043942283339929944
ck_a553418f2fba1440,0.014537084730300522
ck_105b0c93573fd5b7,0.05127503382025514
ck_2a01e610348b84f8,0.039376965777057786
ck_df1585c7d72a96e0,0.0036174911720967483
ck_df520a7a6e405889,0.028321749612333746
ck_2d9524787cfe1ab3,0.7912306422629491
ck_7f15b50b29dead01,0.029568056929329588
ck_fcb2a559474c3493,0.02743195734394383
ck_e5ca550b39ed45bf,0.9479823205903242
ck_d2ca47180a926ba2,0.007861767999536905
ck_0a93ed76bf36c8b6,0.011439399780071323
ck_406c4442dee45cd1,0.0018100830716256868
ck_56de216eda6b7fa6,0.002996931997284468
ck_3d56b477fe2370b6,0.03848403842522334
ck_edfe8e90e8f4366e,0.00895784393317625
ck_2096d32f3d497ea1,0.08699166326065944
ck_c18245be844680f3,0.01869788009317074
ck_0253b3e7be021306,0.007339118790949342
ck_fa5ba9ed9ed6a343,0.023461886479444867
ck_c9c99e5b19aeced8,0.004179400698778947
ck_14b4bf7be6ac2b61,0.053999859203056076
ck_b7df99aecef385e6,0.041955842897210056
ck_17ab3068fa303682,0.005826515177335602
ck_592a3520d841d11b,0.02359679423350176
ck_094974d75e29fb2f,0.11342438517027145
ck_6cfa71d27fc27f92,0.013867754221526755
ck_f2ddae2eb1cb29b4,0.00645568538811917
ck_1757fcb0e6e3f88e,0.07410410636581602
ck_7afefa349b960a3e,0.01387880240965033
ck_487f7fbc290e4ae2,0.00587810098617729
ck_28dc0de0ae291f37,0.023971185700219645
ck_2c2f080ba185016e,0.017392363751617568
ck_f4a2bb10afa85743,0.01283549849269577
ck_9ad08fcc183ea1e7,0.004399509120412994
ck_d08e00c842b75176,0.009970280261972114
ck_a3be871ca22ac416,0.03655451077407328
ck_ab70961e7c6695b2,0.014426354601708331
ck_c6200734c7f9b2f9,0.936582543523307
ck_d0f470f8078c91df,0.01703331136296919
ck_11c7a58e09e6547b,0.028802124536345543
ck_2e0eedaaf2980c2c,0.019932149140425945
ck_0e2bc3a5afa439d8,0.05111821312667167
ck_c416357d20238a4e,0.00753459364432154
ck_f0c44ee5e3a42e3d,0.017571103022008393
ck_8342e08cc2f9bcb7,0.008152826093314934
ck_93c0cb3dac4891fe,0.0045308870749334994
ck_5c5284c45d9ad8bf,0.035884527315701575
ck_3954b7b0fd1d6614,0.0020420099560577777
ck_eb1ddfc353b4da83,0.00544660747162404
ck_ae668e4564cd2aa1,0.0060363312344572425
ck_d89abbab3d4957aa,0.009364834076859275
ck_364f8203a3e98d36,0.4922855306303039
ck_004fe0daecbe2c1a,0.0059580557946419255
ck_a31a64a39a2c4941,0.00484173745951074
ck_c49f25dfb39909cf,0.06428345355691958
ck_4ab74a6e7450416c,0.007423288245592986
ck_55f50a9ae2db8ff7,0.0045298407381826715
ck_7a86ef4e2beaec38,0.00883126362451306
ck_f67ee7910d532216,0.020066458564301934
ck_21860dd2159dff28,0.009381050793999274
ck_63560eec94b76d2f,0.016329165853139385
ck_dd78cb6ae2866cc6,0.05490481110075165
ck_c1f4509c8f5dac5c,0.009272450382150547
ck_b921af37d500e139,0.04081720483996367
ck_e23e50e02cb3904d,0.05697667788017996
ck_80c4e9274cf976b6,0.9928946466564655
ck_4c352dd3e7c81269,0.0397378467641023
ck_1cb6dc67f9a321b5,0.21109470584215462
ck_497ed60723283c0b,0.01481219736508071
ck_db23a5100f338d72,0.023870083690260863
ck_57658eda1c59bc52,0.004432417835043878
ck_94410eedfca91304,0.048260449073722816
ck_eee99af3598311b8,0.04879762537149264
ck_832341c98254bd84,0.02035501661060046
ck_094d10439b7b4eac,0.007431447348847952
ck_2493ee8e7b91d304,0.030927924171642196
ck_254a7c97c36dab8d,0.022900370079924702
ck_f268416945316815,0.009289334343248572
ck_59e77e3a81f1fa0d,0.059363219426234286
ck_614ef655f0685060,0.003867207029720471
ck_04d2ea38ee27770f,0.0017202993796936396
ck_b89c6fa2ad0a12f5,0.023775686080527415
ck_1805fcfc4a9e4ffa,0.6066900667039398
ck_3f5ae4673a9f858e,0.009863059782954339
ck_ba88a244d5f7380f,0.011612069346341295
ck_fc832b0c90c9bdb9,0.8303641731313226
ck_7109923fd7dab20a,0.03547791747584701
ck_a97b481ade6f7972,0.10823458455996667
ck_f56200205280bddf,0.05523274725408167
ck_754f30ea19df857c,0.03168181427399475
ck_59fd11b3232de9dc,0.9024685011422433
ck_7519260415c2998e,0.04061938968446217
ck_b7f5acf5df1bb13e,0.011742802784667206
ck_46656a23f4456d22,0.785468899013368
ck_994316fa5a02b319,0.0017882465863556013
ck_ccccb17d2ca6ce94,0.035644517300968646
ck_269f1746f2609ed4,0.009104911400566466
ck_3521243bdac61178,0.015654038206609957
ck_cf920313f6dd28fa,0.01752858710681649
ck_75d2a2715259c4d7,0.02377959746004517
ck_616cc31910f5de50,0.008144417950960093
ck_31e70f2f04b48b88,0.0027251999272102784
ck_76ee10d6e2dba70f,0.048296007299663164
ck_05b2b04e11d9ae9c,0.014626353932139109
ck_8089fe7403c5f537,0.015054175263309561
ck_3209c530c9812e39,0.012209866545271002
ck_fbf7351958ad9615,0.00949318747142902
ck_0adcb1fffcb0a34b,0.027636505531685715
ck_8f6ca5d3b17eac6e,0.006026312547901197
ck_77a40c7d2f862a32,0.023249038088179966
ck_73de0b49709e5f8c,0.008464738509937942
ck_e3982142336782df,0.04703587892633295
ck_c6a7bbd0adc4d5f3,0.02244208685009079
ck_fb04ecbaebb774bd,0.017733643664581654
ck_de7259c3741db179,0.022465874094856994
ck_b6f2a2fd232c141b,0.011002011173115887
ck_91fa5032f7aff0f1,0.08467645573518626
ck_c5f8ab515840a0fe,0.021296821651967425
ck_b0f8f5408662337b,0.004560656233177384
ck_eb4f4267e24d042c,0.016796994422283943
ck_8cd1b68dd74b1375,0.1275997086469839
ck_3398551e81dbf3db,0.04530049782292545
ck_9a881d5433126ada,0.008259746096847128
ck_9fd0be2c018ff5e4,0.010934499528920111
ck_364cde38958b7af3,0.09645506976012642
ck_8c95aeec6a4c75b0,0.006383475171669739
ck_2595669e421299f6,0.023462866581485144
ck_1402d24dd623df72,0.008527463560924639
ck_5c2d43ff841632f9,0.008871864916973018
ck_791d5392bbd80447,0.011222570785023513
ck_f6e9d14dfb6f3c28,0.028246997684223042
ck_18df83242ff3cdbb,0.7089732311614902
ck_c363d3b050baf3b8,0.09250440115329121
ck_f8540cf3a8b2f8c9,0.028746028545312156
ck_dbc487cb0a6c18da,0.7730499390024347
ck_98831b57c7ca2e4f,0.0026299673697193684
ck_a6c7b8d6e8596d4f,0.11225796220505171
ck_13f2560c6a1ec62f,0.019860716133842875
ck_6c48c58678f64bae,0.002975705177151756
ck_e0346d5081e640e8,0.058376032767717495
ck_0c9e420f97baaa06,0.9010648246026554
ck_da06d97db0b18851,0.004594286043679865
ck_6e4f31bd108571f0,0.009351911273608852
ck_120e995d50956bee,0.04827582264971676
ck_cbe525da0b69f18a,0.01766600235329294
ck_b62f3e3185251f71,0.002495131336967792
ck_1747fcc466f0ae38,0.002971524283363184
ck_c6afa913168ce8fa,0.02369950683252641
ck_e12a9f7d027e3387,0.013943152151208588
ck_ddf787359d2b5deb,0.002971537007043258
ck_e1140be6157bacbe,0.0022667483601200686
ck_47d3e8d1dd3fbcef,0.014407748244973317
ck_f90293f1eba5d7b6,0.06625253961739735
ck_2f6e64f638da0f97,0.005035330026346652
ck_25dd0b02af5b2f37,0.03267728790986951
ck_a2637e4872cf4811,0.13884901644006353
ck_2ae44938847f3852,0.014336006420163841
ck_8347455ab53ff620,0.009049599818059547
ck_7aa2deeda0e57412,0.9478905705516381
ck_f9c4f8b4ce2691f0,0.014025537727444398
ck_e5f7b99ba6ec5767,0.039457172891356855
ck_59371c9140239fd7,0.01489890882972058
ck_3380d60067b4634b,0.003703798727138272
ck_27466468d06db4eb,0.04788700171323078
ck_16d2d27fadeeacf7,0.005141261858858385
ck_0d5c0736ec76385a,0.003077990690835023
ck_8053f1879a9b4e43,0.0040341255710160335
ck_ecf9794349eb4b3b,0.033112034295154705
ck_913ecdeeb8e21a9c,0.0131603440371123
ck_687eab3ffe1f8cfa,0.028094294839933687
ck_e4459115cd8e5e4f,0.07554400275603763
ck_1964ee9db929a173,0.9690460380398618
ck_77fdac602d0c6f95,0.039250929162411186
ck_1a28b6a40a6bd3b4,0.05813992722820983
ck_bf285dd49f372de4,0.017854662298812253
ck_eb6baff0f85ba936,0.021679659446977927
ck_a9bf75bea912027b,0.03678671187653872
ck_bb4aec09d4968dda,0.06636219908166918
ck_48011996d54855ac,0.19053550440421402
ck_a1b4c96faed3e0db,0.021068594567488795
ck_8cb20053914692d0,0.036843221037733895
ck_5f52728d777ff2c5,0.016594825951062084
ck_d66f42a269d5c1ed,0.03652319157099605
ck_244b897bb4d57c1f,0.009694003986654745
ck_4eadbe7298b15e96,0.014969017575461992
ck_179039559ff7566c,0.02905973343013394
ck_a60fe02fc04407a9,0.08699412711801063
ck_baa47383ffd50f04,0.017497167742116904
ck_3b1766a1d51f8f0e,0.7557709933167305
ck_abc54ed7111e9ed1,0.005687348466056667
ck_2a46b7ca55239413,0.015485720126920581
ck_4ef9de711c3d93b1,0.021741841658564853
ck_ff822700f3605e06,0.9866095003559139
ck_783fe5bc20cd02db,0.05505576647125998
ck_ac9d3d9754104cf0,0.003166615807765222
ck_9800c21dfbd8e811,0.020722548882136583
ck_454b9e21b7f25a4c,0.0052144147487577855
ck_17946516d5df71d7,0.0058148278936220885
ck_b7e7f7d0cd886412,0.036661904158775675
ck_9eb5b3f5f672c2b1,0.002949364861009323
ck_089e3a07abbe3b8f,0.009532033106370616
ck_6a28ea6ce69cb869,0.13831683154392815
ck_3be854e42e76569a,0.009471082574608606
ck_d3e2c26b8adff099,0.01886052059090606
ck_47de038381a9cd65,0.06963324179685443
ck_e26a6659c237b650,0.02874972192717216
ck_7cf301d075e4e709,0.023371059101011504
ck_c56a44fe315c0389,0.020815742029344702
ck_0e70516fa07cfb17,0.8630860455865077
ck_d38f941d09eec820,0.05264786168249068
ck_d6a290ff8362c7b9,0.08787252555937627
ck_cda72f597330d0f3,0.0072214167632450605
ck_7c4f12d70f184533,0.0014293125451355364
ck_bccbf9fef367f00f,0.024719938757285974
ck_710f867a3bd5898c,0.0035079738474685486
ck_be05447853d423a9,0.0015015616760315521
ck_0414507baeea936a,0.023103849255742215
ck_60796eb60fc3043e,0.004540586296987802
ck_d0b32e039abb8200,0.004642706510410228
ck_9060f4e7ab7a1b0c,0.010559284275575741
ck_1e0841ed17fe0562,0.022006025379759323
ck_d523f0e50a2747ad,0.00611759577251845
ck_e322da8b213eab52,0.004611705540773476
ck_54b0b070689c50d6,0.003394573944694565
ck_e7dce27edb700f27,0.013603754145505718
ck_79e45040dbdd6447,0.03665175591109856
ck_259eb102342057ea,0.005218993811986311
ck_cd92852d7376a4a8,0.0047463241165581925
ck_a705c61bd679496f,0.008002509143251953
ck_4bfeb78b47b7c6a1,0.04780088690486454
ck_f7112818a6d81422,0.029389542284573758
ck_c2504f5a113433ee,0.0026833321424403005
ck_9915ceedf63a5289,0.039940998424640495
ck_bccff46fb0868454,0.16639431605351757
ck_db8733fd92f20cd7,0.013731039241003029
ck_8f3ccbd20d59f1f4,0.00426176720751901
ck_f77dfe6512eae322,0.02015035282025358
ck_957fb25437c75e41,0.04201959878737584
ck_46225858a38b2e57,0.008149427441589979
ck_f637fabf0f60528f,0.017146876939023795
ck_e6a6caf6e7de17c2,0.011659672710361373
ck_f7bc569b37e8bdda,0.013475470527030114
ck_e739eaaa7a1822f2,0.05314569219160844
ck_8409716d174635b6,0.02408717615071044
ck_04e40f556a5062ef,0.0069719114935157984
ck_fa3b1e85d27af2ee,0.03698953862219967
ck_703b375dd86a6124,0.015126423205008462
ck_63ce4f44c92d7143,0.025855261461534683
ck_0d641d32658d6e0f,0.006073484900796869
ck_6a2c4edd82e10969,0.0019341156030055484
ck_4c5ff58afe3d7a67,0.005381255166907158
ck_6b114f2a48152b96,0.003945773086021692
ck_e842fb0cf055a83b,0.04193742080216663
ck_53d17ab97de1ac3e,0.006063946164656775
ck_8bb9e75393954a1f,0.002649728275171671
ck_07cb2b6f2a4303e1,0.035105155822461084
ck_31631e2028d4f855,0.025879209827575286
ck_4bca22b5926b9c28,0.004028010521548651
ck_1631bab0ba1256db,0.020595768189712454
ck_41d91dc9f5063566,0.019113692114867138
ck_cd78f0832a09bd8f,0.582611680574995
ck_d5194f2e92fd6427,0.010592742952457726
ck_e25f70d0b7229420,0.01965324102105591
ck_1496568ddc3b2d56,0.4185505816815171
ck_53a6a33060d5c8b8,0.0050538504676355765
ck_1dbf1f15193197db,0.0836348616334006
ck_5c85d93ecfed4b0e,0.007241692362140364
ck_2b359a979520276e,0.01574581897908641
ck_1c93cc58f314bf71,0.023290663637601603
ck_9341c7959543c542,0.002868288936211447
ck_1da9d40837ebaa57,0.02733657018058922
ck_265accb3c5c32620,0.058995813815274974
ck_ec4e597f17f473c6,0.002354003741160179
ck_612089ec90c37219,0.017348328081830875
ck_c6bf67470f526771,0.021037546262801878
ck_6eda4c36aecad602,0.005916702598744916
ck_e62eb708d2688fae,0.01265045326255508
ck_e21a900556b382ad,0.011274094747367024
ck_fa3a766e49dc77ae,0.009721399170915784
ck_18a55b06ccccd88b,0.02134984608768254
ck_6ba091eb42ffa9fb,0.1393246349756672
ck_7b8cb0f90fbdc8c6,0.01594139033889863
ck_228a583f23abff48,0.013734558799253527
ck_a3ce05e9e5e32142,0.018619684511942083
ck_fb4797045077bc6d,0.002864142834682993
ck_5fdafeaec036f016,0.021944657003644428
ck_e9e8cacd2fa35e79,0.028085036346539846
ck_ff182f033134dbb8,0.04167526640409628
ck_0cbd3b27063d4415,0.06555129689341131
ck_81709736281fa3eb,0.002447224813717847
ck_b0a0fb0ee9ebf106,0.004181199935035163
ck_2faf7ecccc9fec58,0.0014499200193182436
ck_d251e9fa09e542dd,0.995940942733272
ck_32f590e87bc3d715,0.0012528809502355626
ck_20de8abfd8960ee3,0.02843612030784791
ck_a60e6edc48e3d0ac,0.217869814349533
ck_905e460591d9a278,0.0831674044124405
ck_2ca83dbd728af019,0.005749413785745115
ck_7061786fe2f22f5a,0.026937682833016716
ck_821446adc95e6da5,0.006373437552327581
ck_b1182471d9ac6b26,0.0036102262064979717
ck_59d380a0973b3951,0.007321361207655759
ck_f7fbc95ebf584379,0.01525313034836015
ck_8e9faf94e3e6c757,0.0014968554201761734
ck_d9ba2a6c0d926b4d,0.003271237583744072
ck_4d3aa36ff83f1132,0.5343455870580623
ck_db906debc36a5d1e,0.035570158449371884
ck_329a73dbd585ee09,0.008400964099739948
ck_f6aea576cde8d592,0.0018907704050425281
ck_c40ffefe4e30b001,0.041358180462261
ck_501dcf1ead036d2b,0.0195230171405984
ck_8247b79ac67aae7d,0.034816233540967495
ck_e48d14d5b70ef5aa,0.07206548535002005
ck_f3ab5dd853d38252,0.04836609008660089
ck_1a0aac7f7b94b1be,0.0906345469739604
ck_d4c8f0d957c3965d,0.021146271362316876
ck_9e3896c2668ce06b,0.032786613823661104
ck_227602ad072b838b,0.0016772933544103364
ck_9aa899a5230b0963,0.026775299276210095
ck_344b2e326a6c3dcc,0.004356658310494196
ck_baf43bf1bd963f9f,0.03545236753856148
ck_e6c584b4b1ad6d9d,0.013245331621268355
ck_ab9f0e08af030060,0.04891032045504706
ck_5ad798286384484e,0.029206457264891662
ck_ae7780327e210522,0.014470996832329134
ck_185f15b1523bbcf4,0.007508688862145167
ck_bf378ea558a4125f,0.789908562956706
ck_1325000bc7f35b5e,0.004713509720252146
ck_98e1992ac8e7d2de,0.030768800864679334
ck_71fd8c346fde5cca,0.14325544497525983
ck_47a884dec960ff2d,0.024627473107500783
ck_2dcbb71e39d64305,0.04983320380319521
ck_d546994fc5d3e9d1,0.009656576087875375
ck_c2c7d1e45a521857,0.01423445225745043
ck_d72035cb29db3aa4,0.017268036173806876
ck_a0498755cd8d7188,0.003897563562463524
ck_a9aa389688ee5aea,0.011294853302853888
ck_ff24776280ceeeed,0.005841158759065151
ck_124432fd5c92af7e,0.852472705091369
ck_b27a9e39726b26d9,0.00445027239675516
ck_c4a72c09f2fdacc4,0.013854421793179462
ck_bf47375e41ca3bc0,0.001691881036946498
ck_4c518637db2322d5,0.30929168011571184
ck_9e7278fc7679f002,0.03258851813389792
ck_b9facd2210daca5c,0.0763479960946454
ck_1c607e24f2c4397a,0.02335255920009209
ck_b1e81b58b9a545ce,0.025320551752013525
ck_9d5049e195eda029,0.02041078254107294
ck_29076a13f539187a,0.15836645930772933
ck_00013fdfa0bd37dd,0.016862859115782648
ck_b6675a04df1a4276,0.008190038078990703
ck_52427b3f8478db19,0.012281336938913494
ck_3b810f15ca0eaa55,0.0139780568262928
ck_0f6d916c92189516,0.019140664447688114
ck_b3dd1198ac5aea73,0.04170598879250279
ck_9776cd8263a9f415,0.007820783563062433
ck_7d51c86e0eec72ac,0.023358866698782475
ck_bc2e771a1d8d2dee,0.03056318282422774
ck_c10e54c9db29e6ef,0.963843037241269
ck_7184ad7709ae4c80,0.024405974600915984
ck_e55f5ca37f30ce8c,0.008902991648166115
ck_fcfe06e44d09a344,0.03786783815865924
ck_ab3426435b0017d6,0.02838821646311324
ck_c383aeabd53e9c89,0.06550267931973323
ck_71bc01291e0533a0,0.01427846674967959
ck_8220da627e9992a5,0.004578396958307999
ck_91d417507a8c58cb,0.10174447062615521
ck_79d6793d1d0cf43c,0.0018186020328277435
ck_8d84d771a21942a7,0.0045240708535069524
ck_b046a42684468e63,0.009338176113515204
ck_1058129ed7b48c59,0.013442014495031835
ck_962e65ab33b5c311,0.9333934354950646
ck_3ded7a8720d7e311,0.009724861569712202
ck_9da82e567074da9d,0.017573237842772246
ck_7b1319a5ca2f63c6,0.9872593647967964
ck_2cfb9a7775e8a5bc,0.9781664682553242
ck_6846100e43659bf3,0.005337345035109718
ck_c72a7d0d03cf3e17,0.12400025741389356
ck_fb00aae4e17740c5,0.011935689116225126
ck_2770b0400a7bef08,0.08192933160153605
ck_b36086ae6d87eec1,0.007383177359571008
ck_ea2a83ccb8d57490,0.002597843901182407
ck_4be03a2aa62b93c7,0.0021473104147957775
ck_2786cbc3e75ec034,0.12576152646323
ck_ae1da8ee98e402a4,0.00939461144723196
ck_b5e54e22e3d6960a,0.007945568053168787
ck_3d139692c51b604a,0.038929904719638336
ck_718a8390b3d42d7d,0.22877842595615003
ck_62081bc35aa59931,0.005369367896702344
ck_7c7266f6ef2a8466,0.032492866280598026
ck_885cf685a9541190,0.49828565794223545
ck_2857a4ce9f72fbfa,0.00369485494084098
ck_0ffdff7b2f5fdfe4,0.013560760187552853
ck_01a750db6fc1168a,0.08937208757902859
ck_7eb4f33260f1dcd4,0.024799515132580805
ck_260ef2f3e6434819,0.02634284757955143
ck_544a9e80b7fdc279,0.003628383821998901
ck_97d4bd922996fa10,0.006465823960934765
ck_795c49f312640019,0.0012551151836980082
ck_0f8cb09d3f4fc980,0.04422243299263873
ck_69eb0b2ccfbe5f95,0.020805882354079798
ck_44950df09ff14ded,0.003906399712066293
ck_70d19d5650ddc8f5,0.028699949321018263
ck_da39653add0f1109,0.004397700142915553
ck_b7431d4706461ec6,0.012039947641448924
ck_2f6a639468f41043,0.012252491412360907
ck_5a29b7018e43280c,0.005109517753756625
ck_18bc51bbf3ef198e,0.032294638898699095
ck_5486768475af7bb5,0.8602800707936096
ck_edc9668282e3c8cb,0.02739774632856161
ck_b64c87d5e3b10e6a,0.9606288574546221
ck_bb399ed6bf28c230,0.03236715861551032
ck_7ea52b6f27edcb73,0.04320952270279489
ck_0789a05e061b2784,0.23981052122174773
ck_29ea329fa40ace62,0.013543349385869145
ck_0034d010d28aea78,0.013984534698759866
ck_b52b99dad89ecdfb,0.02679607857394953
ck_e7b583acaa3171a2,0.07482577219607334
ck_d2d4282f9d256b3e,0.007105349441335325
ck_130d3848b9dcdb05,0.00497118540814905
ck_4fe4b072f03f2c1e,0.006078053149784416
ck_16801e628e883d78,0.016038894806453513
ck_610c7bcc1cd7ecb0,0.019566742759000555
ck_34d6d74bb3ed11e5,0.01162575564351722
ck_e87897767c612942,0.010096741090118148
ck_d902183f80cc81fa,0.057052352316628474
ck_df69858b8a8b3165,0.015676633732438994
ck_90489c405e6886d8,0.004700433340435559
ck_84d07028b5fca2f6,0.031672928877519956
ck_d96c893721385e4e,0.003039719846882196
ck_f65ab819373edb37,0.02816116171957466
ck_21cac21fc10b7768,0.007507658545793773
ck_a0255ab46e122d2f,0.004068593250617811
ck_084322dc5a3a86f0,0.022190834021064136
ck_786448fe3004cbd0,0.014082862347540576
ck_e155cf506b2fb699,0.007747430632798386
ck_5984be472d2bc267,0.11193942910620813
ck_dc3d8b5c17b67ae9,0.0052467793860301835
ck_5ab68b434ad53fea,0.005131251506637008
ck_2bd73d9098504760,0.04112178710405953
ck_d21b38231a8a9f4a,0.05706494927960451
ck_1dfa91405d7e66bc,0.0074384333177956435
ck_ecdd01a391610d99,0.004696533777158197
ck_f928dba0d587d7c1,0.002599493747536233
ck_d87e26eb5bc84b01,0.003713889822814292
ck_d66d59981307db93,0.03045747331749509
ck_07f1734be7fac56a,0.030242782426239963
ck_a9b0c4dbd7db6a91,0.056145726165731956
ck_1587763dd54688c9,0.027167155502077895
ck_dd30558576b45e7b,0.018738282521860748
ck_4cedf26628c84f26,0.04468598291451879
ck_a2d709e7eb91e4af,0.0533513262651719
ck_3c48e0cfc2a58041,0.18563820244356027
ck_b8fd61a8e82bce32,0.75630187931332
ck_7a1519ad5ff45312,0.0017522162636938628
ck_9dc23031b6b494af,0.030160309967510967
ck_9ae904fbef56065c,0.005339643022350286
ck_958acf84c6137a22,0.031440749680729435
ck_fe6e168cdbb46b9a,0.059061825879768146
ck_962c3bbf27cd4b80,0.09110405324228762
ck_df1a6edaa3e6b271,0.009112846948626253
ck_df0a8f20ab8f14f4,0.03490710584649391
ck_b0a947b498e47018,0.012332504281682009
ck_b616b6f45225f319,0.03439117362534884
ck_ba3a6be026c87079,0.017555720389956096
ck_bc7710f7e9fae649,0.0030215348429506383
ck_c5eefc0697451de9,0.08471805883207514
ck_e69195a3c885053d,0.00300841398683844
ck_52e37e2170532e2a,0.10963461831224487
ck_826a27ff7555192e,0.02059026201703739
ck_08c6cc1e143475e3,0.007213735831212535
ck_923d6a0f83accef1,0.0161152822007908
ck_09a988ebcf062297,0.06795319334098684
ck_17de46314b5c6a92,0.013543508040520923
ck_6176baea8cbebbb6,0.012059827449035115
ck_e74716a525ee5b24,0.0056836230327815245
ck_8fea7d915259f1be,0.012039011631225033
ck_ddc11fc481eef58d,0.016014130292173596
ck_4feb21e2fb0b3977,0.004310255651051434
ck_03d3026107175dae,0.018457351988787882
ck_6ad56ef40086dbe4,0.019100386803470846
ck_e81fc223bed3c46a,0.04915435633880938
ck_862c7953bdea48b0,0.023490608053682426
ck_c0dde2a6ef1e08c5,0.0032748932351135754
ck_660f0006780e87e7,0.012472841134512889
ck_69887d0a9aaca6df,0.0016853958006659694
ck_a95f212a02433d23,0.0073669621809031565
ck_ce1e695884511479,0.031544075813337055
ck_ebc5a2c6cf88e252,0.030488521575664958
ck_2122e9bb1afffef7,0.010048875729140695
ck_38730aace405f2ae,0.9971767871763886
ck_5691cd6fdb6d8147,0.010882150807410836
ck_7dadef33f5e2d94f,0.9730221797755395
ck_278b36c5932d9bff,0.013099722638566352
ck_6a892dd5d05c1649,0.020185764584932958
ck_4a733aeb833406f4,0.011062577498610468
ck_953bd5de48ccd70f,0.8405005957361735
ck_3db59982cbae4410,0.02759414724984538
ck_b8d210e741be186e,0.004794852907317933
ck_7d6bff85e7a694bc,0.004117366166981363
ck_be86a1db08dea456,0.02343987171344275
ck_f761b7650a0c1a85,0.026231470048735953
ck_de8494b13adeffb5,0.009245266228221992
ck_f854fba8f4adae3d,0.03556574722750198
ck_b98e9c3ec6e7d1e7,0.018199614410125846
ck_ccb72a33cc1877b7,0.017776124891697224
ck_76997a33c3ea5107,0.0015572675578352645
ck_d00e09e66ed6458b,0.12451764835262047
ck_2bd96ddb8c323d63,0.987964873075249
ck_f792586ad0381eac,0.01905110486639381
ck_1eeeee651e05d535,0.027885332220788255
ck_fdf0c5b722d83464,0.027158632419273354
ck_a823f5bcb0e4b9df,0.0023300736972942278
ck_28f530aec8e77130,0.025437561818041285
ck_80b04344c98ec072,0.07755198464276127
ck_97e56e6037024dff,0.0023478316505171595
ck_7c38ec898f0fc21d,0.005800704816243861
ck_205c3405045bd835,0.015727605851435705
ck_b456f62b80e21557,0.0015798957565454535
ck_1d6990d94a4d2ad6,0.034032678326912945
ck_a574a08edaf81781,0.013738117353804091
ck_c8f2a1dd8a6141a4,0.0039042985314305693
ck_51440f64f7250ad7,0.036398483091009515
ck_fa7de64d37287615,0.031812311065429776
ck_d07bfb16a4a7dac0,0.8269636489423332
ck_0d362ddb4a1cb6d4,0.029226413953500098
ck_292f81186358b0fa,0.01227801879666204
ck_d6e7e257751c299b,0.0035299354107131324
ck_1b5b75762f033462,0.015290811669385462
ck_152671fbf8a9a78e,0.06375131151772269
ck_c0cf50eef030b401,0.0025484720564334187
ck_c1466b52c0a10b93,0.014885401134184436
ck_d208494cf5c90047,0.03660888056446705
ck_7fa947a0b1c1cf74,0.05731505393074207
ck_6cdac067cc4db5c5,0.03457767554837113
ck_e3894ed88a7977e4,0.008000833284473782
ck_53f55c6e8cf2d432,0.0033642122195406184
ck_a2c3e82fab520483,0.032981809789756594
ck_519a26ecf3d29c90,0.008138514266337386
ck_1a415416f620d49d,0.007187393981033076
ck_c24b47184534cc2c,0.9789865314783609
ck_b2b63ea65edf1dde,0.05524332027131308
ck_482dea6eed92cbbc,0.0075921129969716734
ck_7297bff2b7fdcbc8,0.0031236289849907316
ck_9a21d183524734aa,0.03158810658047232
ck_95945f48453ca532,0.024852184344887278
ck_6fc37dea4b4f35c6,0.1264093788801671
ck_afaf374009d3b248,0.016287663296319272
ck_10de0b0d86b17839,0.01639973494042565
ck_142c00f9f8557504,0.021451266092127996
ck_c0133f60d39b2fb5,0.012699362073296656
ck_864a11202e19e812,0.27943377178986106
ck_3f943f20a9da9bff,0.021497086905106013
ck_7346e4f820d9c00a,0.8603805716625845
ck_9790138467a06223,0.0024046568240523995
ck_35b1939c48182a9a,0.02221386725378534
ck_11f362dca2dfaf5a,0.025077224229529755
ck_ae0a7be6b0a0ea68,0.04731313764749433
ck_0af5b7d128035b35,0.01760215162213577
ck_8d8226520722af78,0.10647436434871523
ck_de58ef6f9fe2b546,0.014671678520042397
ck_0274d881d6db82c8,0.006042837601162329
ck_c88fc1bac79fa6d3,0.10503899288984855
ck_826ee896c9f1144d,0.6005548345120375
ck_3b436cb29af99f3d,0.027866232642913588
ck_6f8102f62c876cc9,0.05229271691424435
ck_20fad010969f1abf,0.0036997134578843115
ck_23aab322810b9fec,0.010966090665821365
ck_4e329e29dfa743ea,0.13229725889522898
ck_2a7eba01ceba6c2c,0.0528295137193715
ck_9eb1da8cd35a50ce,0.015087154817996589
ck_da1a2450219dcf19,0.07041119342883022
ck_3716c6181a5035bc,0.025591144261638162
ck_51fe0b613c076cbe,0.009263640860266154
ck_8584fea2df4c6317,0.03702242312374987
ck_ea623358f704daa7,0.03906268318383256
ck_ca491debd3b32a59,0.028442881242383096
ck_18c3a095606209e8,0.018904834234042937
ck_71db4131d7efe218,0.010925493546932607
ck_a76e8d83b9141364,0.03543485705136525
ck_5d5ef9e75f65d076,0.015333661763524142
ck_683af7b1540a0b22,0.030046805020923183
ck_e8d37262e859d9a1,0.0117866364458609
ck_de5bb7a4d091386d,0.16725618805199446
ck_970c7dc195161272,0.002251207699457575
ck_80a64a7f0275a71d,0.011729798492819674
ck_04bd8a1ffaf3ffd8,0.003906086846053379
ck_77e0589ab339ca66,0.008073892210921025
ck_7baf1e55db0dc558,0.03443428279516007
ck_f05f5e4b40afa52f,0.032980303777065276
ck_dddd14091ce812c2,0.030873638830267065
ck_12c46bc52bf45b36,0.014809264011292435
ck_740d8fe8028b5a2e,0.009819191910457766
ck_cf78169633a1600f,0.0038984796848302358
ck_1a3fd2cc4b4de196,0.032832975521025064
ck_f4fe78e249092ab1,0.022726112641543623
ck_966901ea9c77cc02,0.005741334722857663
ck_f9fc468915afe49c,0.049035023813192365
ck_af3f74b1d75a5d95,0.01549490895899195
ck_af70aa32c009c3c9,0.020643211310764267
ck_da645ea91d66aa6f,0.1118899200904377
ck_e15e3390f5ed45f3,0.2418121726603722
ck_5f87eb05d18186c0,0.011437904247810837
ck_a61a879dd46fc9f2,0.01701879914001424
ck_024dcab126876002,0.030583420682303096
ck_819b482bca14c068,0.6234763180736653
ck_15220e78d1545e40,0.0787323583377059
ck_2ca0020038bfec58,0.5436834099489782
ck_fb00dd5021642507,0.016263731135255366
ck_2737a72de6b700f3,0.036612273451304335
ck_263334d722ecbc97,0.7367954246541724
ck_ba1f6dd43fc8a0b1,0.00795398176970282
ck_5a22cb36d612236e,0.005330488207991945
ck_d86ccf148c06c8c8,0.02612519565297768
ck_60b023af6d1e30bf,0.7590096977032684
ck_1c8b94efe9238f5b,0.005060903788340748
ck_0284dc2b4f856b3a,0.0523833711092558
ck_72e550559487b919,0.0047619774097958645
ck_7e73e1d44ce82ed9,0.01541159017073775
ck_f8dc8473c2772729,0.09430419576682136
ck_4596624a7c01d501,0.01878817775165079
ck_04e89fbd739243fa,0.0015877818556357707
ck_6149ffaf18872dc8,0.0022529371412516003
ck_e0171f91cb3411fe,0.019731389881352243
ck_1ecd5516c92caa4f,0.0022692351642298434
ck_21e3b3bd998745e5,0.1746903954317984
ck_05ed92a7c3e10e5d,0.02620156598402952
ck_d6fb9cc5171e3e9b,0.7618150321584034
ck_f0cf85b67a9b840f,0.023811875588849216
ck_c58bafff7b1955cc,0.015284401542074607
ck_06280e6d6d2485b0,0.007739612137774872
ck_99d3983f907828bf,0.013493768458719418
ck_05ea4440dac6cfad,0.03054384714839515
ck_5eec9ed855c26000,0.003334598836154651
ck_5ab39bdc9610f6f3,0.6012129764659524
ck_c35d444e05799db6,0.02331624892697307
ck_87cce4126e215153,0.013544735839796877
ck_713649668a7ca824,0.021825031415116422
ck_0b0c93039f987abc,0.015802469197707864
ck_6d07d6d1bd227d37,0.07389004066665604
ck_e00e82a9419ff086,0.0505328208495328
ck_eaf3b6d11bc3cb11,0.0038786770704750946
ck_2bb7c17168a9d17d,0.012383225191680919
ck_416f7ac57da081a3,0.015193313498281815
ck_b60de9e97aad9e45,0.9360425585914914
ck_7973edc9f22ee7b6,0.04463058537466037
ck_8452b6cf97c65a5e,0.01214646251267137
ck_6fb39b60c67d5475,0.006395312742100602
ck_785fa45e86bc5e95,0.020963432356128624
ck_3eba1fd2c7acc4c0,0.23177812445386053
ck_c10c8bcf5bcd516e,0.0462857384261189
ck_2825e34dd3e7ea2a,0.010150451172239271
ck_67f3794d93e2dd67,0.5082182273967356
ck_9cbd9ecf8374f65f,0.007673858486956611
ck_32246c62640648d9,0.0019464572184469517
ck_f301f6758e170d66,0.017789926749161914
ck_885a83975cea5e64,0.004387551936767417
ck_0d2901bfe585c391,0.046754050322732124
ck_52453401f88935da,0.03936859527879048
ck_f9d481aa4f9b2808,0.5914070376701849
ck_18c179b4afc4fccc,0.019749866637223345
ck_a477654d34783e06,0.004172026683773752
ck_7310cda3bc65a73f,0.005521673273497049
ck_c20e89afe575549b,0.006211020310335497
ck_668ec61c4c39cae3,0.002412222994174918
ck_fc2cb29918631f10,0.06970244465046752
ck_15ce50f2704227be,0.01217882528313209
ck_0c533ff2d0f9962a,0.023104422468920395
ck_5881b174e49b04ee,0.00653707786037863
ck_371bd9388b287677,0.0017937470659654745
ck_91a16336ce3217dc,0.02654103783654211
ck_a760d38d1bc4de97,0.0030354459371353245
ck_a9dded7f6294e44f,0.03825348451393393
ck_c8a03c516ed5b05c,0.04181995052765868
ck_25bfca1d8eaa152d,0.022953758187112903
ck_191673540d8486af,0.04618522915705933
ck_82eed68d05a42128,0.04053629038522716
ck_24b0803447211bf3,0.017743688401678392
ck_023908db0a193076,0.07842560579083363
ck_aca35dbcb835ad02,0.08318121719334708
ck_248b3659a9239240,0.015383973522091997
ck_a51abde881ebeff3,0.01737557059411391
ck_db9b9d5d30f74070,0.046659724037115054
ck_8b3401b44aaae728,0.0037770315697019698
ck_0841a5c24fd3dd28,0.021500626257554202
ck_541b6ad5d2fa5a39,0.004298630514459233
ck_16c7bf94ed3e7a6f,0.0018935096713164129
ck_c82897ebffb6ae66,0.04405547740956247
ck_b4a6bb4689cd7cfa,0.011074018511013391
ck_7c4f42c5397113b0,0.0043484160722892275
ck_73f124f075ede0fc,0.011268043452568814
ck_7584e7bd755cb28a,0.006847880807807021
ck_9f792e7e721ff7f1,0.006180708065260288
ck_c735b643d3cbf67b,0.009108072707946478
ck_58bb02d98e2b9cd5,0.02119223273573603
ck_0d65bc749eb42710,0.03519666658000789
ck_6c33cb15b0d8af54,0.014401613175836181
ck_c7f6f45710bc050f,0.008579555140298302
ck_aefa0d8d933e0eca,0.058207633238239784
ck_c1ee56d65a42f59f,0.05258048865049696
ck_66147fb994495396,0.06781271606156028
ck_06e73afdec26aecc,0.12439597301604799
ck_9fb8e3d38cdf276d,0.8967453122840574
ck_ff3998d6858daa21,0.00204612812012591
ck_7f188aaa63d1d442,0.01738814970665662
ck_c7d444d90fa86d7c,0.19004621686721251
ck_d68d42858a55adff,0.035804068218326525
ck_fa7d5be26bf7b31c,0.09460790278404055
ck_352657008983fd4b,0.03466232282216861
ck_7476e7fe1ff45545,0.07201032974390668
ck_41406cfa209b6bda,0.0022338905182059774
ck_475ebccca25e30d1,0.018477669320352618
ck_49ccc3716a564256,0.010170067309988188
ck_04470bc93b8a0d71,0.00891157799311193
ck_084cd84501012218,0.3307127095562614
ck_684609767df4a14b,0.04700256013278174
ck_3e4d02a04be2aaf8,0.021410716703991993
ck_f01af1b0c977cc06,0.012959497130259297
ck_027614eeba8b1a4b,0.014936465655174008
ck_0f743bd13373748e,0.09152651431152382
ck_399b0d510be98bd2,0.014757066023423871
ck_ca4465f2b5c1a52e,0.9843596074783095
ck_2a59f23fc5194699,0.09697908184288138
ck_243c18dbf150831c,0.0027430739847726327
ck_88d9244a9cf7a77e,0.8013410927718039
ck_1ba28fb7ef726ce2,0.02203650389073225
ck_786f079389126e44,0.028188373993503373
ck_4f01f7eac0efaba5,0.02022573216719185
ck_47d29c01b20cf69f,0.007502261409530292
ck_07a5610ed28162fb,0.02499696230167404
ck_57b8226610b48854,0.011798031143260683
ck_c6fff412f531db0f,0.002257834211901261
ck_bac6dadf428eaea9,0.03266813632518424
ck_e37196b20968b73c,0.017557478095347447
ck_12631b78f8a03df2,0.0039011453788066214
ck_2c6b174b063ec637,0.010496156508573102
ck_af559f990c640e41,0.02091683207683504
ck_e7a3881c3e36bd51,0.6565590597123651
ck_5839f5cbd8165b1e,0.03315181864621579
ck_67858bc00e81490d,0.002501881460521115
ck_4737e0d56c6fa0a1,0.013658933489194652
ck_93e0d6befb67f7a1,0.021784891225001938
ck_2e315f1b1e533dab,0.006020353829407027
ck_af32a0660090dd68,0.029156539660344635
ck_ede2e887697ffac0,0.0048031076300219565
ck_f48acb73a5d6af07,0.04765336268957457
ck_756d2c13d02b3e09,0.023195062176718073
ck_96fb9bf556842bbc,0.016714943849120485
ck_916784595f028226,0.08498887609552636
ck_20c99b645f462449,0.00396340989003181
ck_9863bff41d24ce9b,0.010340698901641443
ck_5009a6c8bbaf15ba,0.041805651133700626
ck_a821980ac4db9943,0.21414754823202442
ck_e6de67c0d82a7b83,0.018071770481343924
ck_752dd3d2487f78ea,0.02049409690466359
ck_9652283c9f61fcec,0.0014665871775187325
ck_ff8059ae5fa5f1ee,0.0010912312730804753
ck_fc4a43f8876bf10f,0.13578779910559605
ck_a9aa5c344c315532,0.01670721283137742
ck_8e2b2251ee224aa4,0.01577801664855359
ck_3a47e3f54475e854,0.008063986930001826
ck_51bd5f69b4fe0b92,0.8993909545375793
ck_d52432ed597f3cc9,0.016305031035722863
ck_04fb61e5739642f8,0.11565682421372668
ck_fc3d95030b81f416,0.0008885073875306761
ck_1906f0dfaf6e9bad,0.8191769650527445
ck_66cfc1ebc9a513c8,0.008741473217114916
ck_1411a80a157ff39c,0.008043673004718909
ck_9b436162039a77d0,0.06320246292230526
ck_b9485218cef413f0,0.008328193375079427
ck_b62f5144db15ad34,0.1289067034633977
ck_5dcd443fe0bbdeac,0.00863007625045428
ck_b7dd681eb3d2ee38,0.005254699109799815
ck_bd21164bd2bbb635,0.022550925970771584
ck_e6222925762273b8,0.03883873814415129
ck_bfecad7586f65e4d,0.06969229343155728
ck_aa9953c0ca2bed7b,0.002150023251451268
ck_bea56db7f3e930e8,0.005093086403701087
ck_e40a156511345d6a,0.002714050836155911
ck_03f6664a96de7d0f,0.019639641837048097
ck_1a319e509f1efa1a,0.002319299660333246
ck_7a52674e2806d8f5,0.05332295205391529
ck_ec4dd3675a8d28cc,0.02203648983860238
ck_dce1fb3acd65562f,0.007440586611251229
ck_abb9d65ff1f95b64,0.03708195244789907
ck_aaa9861c91bd14dd,0.011424307048800923
ck_2cbc2f93a32eede8,0.04467339295203951
ck_f2d3e3d90608596d,0.3052125677307924
ck_127273af97d7827d,0.012610711053617541
ck_a6def1e4b2d57e0d,0.039635119786153965
ck_96247fee0eb44420,0.0035007527702728006
ck_5517b9a865960542,0.014883705146399317
ck_37176850ed68831e,0.014834043499542695
ck_ae416325fef92c9d,0.9337038225234962
ck_f285e5e1912a7c62,0.006805860627913614
ck_368b65fca69fc415,0.034471716842674784
ck_9a36916b60178ded,0.5897317749446165
ck_4a0eae220a762ac5,0.012547417900378858
ck_e9b0bca7368555ef,0.0037280855884894376
ck_da1c853b0a061e83,0.0463478957842074
ck_58412a2674fea506,0.021873468349992514
ck_9ab42875a0f95b43,0.043775332638181015
ck_affa5aa0bff9bb0c,0.02501555622791849
ck_d27a73596b6500c2,0.014097136271996071
ck_2d963f9b2c4d11e1,0.03412349082147535
ck_dc16f939c2f44ad8,0.10608629019403217
ck_97c38e7f61c27e47,0.014688562110447147
ck_861d8e3d88f1079e,0.0509311889189083
ck_819988d8a7f26415,0.0074768029872948295
ck_5e021f2a3b66e256,0.026644524644476895
ck_0428728df24cdab4,0.012361187258140862
ck_780738e0d71e7e43,0.014723315750555351
ck_5fed957287ebca03,0.003479253089729051
ck_bc19c383560c7477,0.01918132315499033
ck_b1befe967f7a5ebf,0.052704999919675755
ck_73a54b56a2bf35fe,0.7584851131552336
ck_60bf8a2870956fb1,0.009409781289651925
ck_6a0ccd7357979f0f,0.06739130350162448
ck_6b255bf68709109a,0.01031777034601759
ck_2cb3c99845e572da,0.004190406816740874
ck_c9e1e3229baae708,0.020747235310676272
ck_1a4bb7d3d2ee3227,0.15545461732853091
ck_c7e07ebfb0bc15f6,0.022581309875406064
ck_4bb90a61c21a303b,0.013238971577844292
ck_3ade9eac7d7b0dbf,0.12883592598426316
ck_8171ef803f5ff604,0.018052242091788098
ck_4859a58629622915,0.06164068392444426
ck_20124c3a16c53ce4,0.046968199304882635
ck_dd3feb77d7d4f6d3,0.021888326352645097
ck_ed0c4a83701ca230,0.026937356621091885
ck_982ebb24174a4ade,0.03216953529152951
ck_deb3ac0606d6f6db,0.014529797050987125
ck_e666629e5a41b39b,0.008575370062441055
ck_1a9d6190c57ea7e2,0.20297354015225066
ck_527550dd15f38782,0.04203263924758573
ck_480347ad92037105,0.013944571412904228
ck_00b9818e2064405e,0.09105290622163742
ck_b53281da70defcfa,0.03500273826866837
ck_3f090fc96c24eb28,0.004059060814244975
ck_3d9afd862b3f4053,0.16298803484565738
ck_9bf3ce30b65f75c7,0.04238500804092166
ck_2d5a6b6636a2596b,0.006406991141087481
ck_9a4967cdf49265cd,0.18744686857586265
ck_69691226c68fd50b,0.288386713552874
ck_1b1efbd9c0964c8d,0.03328141730711656
ck_78bc3f1d0f35ea6c,0.020111764446468058
ck_d288b77d1e227970,0.030454582835024738
ck_017208fcc01b5d40,0.007036153933987762
ck_8b3b874249adece9,0.0325185053184814
ck_49ab879b5aa7fccd,0.07310235946992331
ck_b3ce8f1bcedfa043,0.031083608323225265
ck_7e3923d278a5106e,0.010145528617131543
ck_e05e91cc180063d4,0.31413653802974617
ck_ba666a425930615a,0.0030737916091442695
ck_a8382d8345f21e1e,0.00878475227769675
ck_3dee83fa2d109484,0.002776927723027275
ck_2d177b2f4f0b40c9,0.0659988506555986
ck_40140bef4db73741,0.008587412942050465
ck_22c862a496008c96,0.994080751609622
ck_aa42976a31cb7770,0.008934495706713461
ck_782b0be796164335,0.003970773389055788
ck_5f864d72d1eead99,0.1230565045371711
ck_0ada6fed1864e7c4,0.015887389206000233
ck_7878545739af0a73,0.0013659697201124615
ck_ab973888c20c9120,0.050555175319045374
ck_1ae460f331e49ae2,0.029232874992106066
ck_509c22828d467ba3,0.06023533949440021
ck_24dae044dc05f849,0.02902590109475084
ck_2b8f33e22f939372,0.8112066495251641
ck_6a01c375fc26705a,0.006276259434964461
ck_ae96d35465b3b4bd,0.010126769330891454
ck_512ebe97c0af94dd,0.031866506230420644
ck_5af9934a56801ac0,0.008779226406657502
ck_fc7445ec76389a58,0.72973738194494
ck_b8266dcd90cbfa62,0.006056762687184663
ck_884b2e463ff1d54f,0.008067467696999371
ck_95aff1fe27fb24bb,0.02336177542565793
ck_7bc752ae7cf5d55f,0.009227801260431606
ck_57b3fee69bdf85e8,0.004041315618178625
ck_ef0d702d7b0ed745,0.0038750781951782907
ck_212380e0371d8a6d,0.03895844068026694
ck_2b90b76cf4d162f9,0.01554076931401547
ck_87771861e0447210,0.08823116406523851
ck_21fe7bc59dcd78fb,0.01705096203745213
ck_fc0cc4b25e6a8194,0.010273280055694178
ck_e7a530e09d113dd7,0.036104697498994344
ck_3f94a34f5038f7c1,0.45961957544974386
ck_124565a11b2f8bb8,0.020900223177650664
ck_38ba4a6b6a292054,0.017461682538506506
ck_6a4981bc721df37a,0.018347661011507595
ck_4672167d7c989bbf,0.03248500376425738
ck_817926b449754917,0.014723137057597452
ck_54c2604c9ca6256b,0.03467744044490333
ck_0302f67d75973dce,0.0311760098664661
ck_9a6a1f8102febfca,0.02507532770785919
ck_7f1c20319eb60aa6,0.9967383977867372
ck_a86cd653472eccbc,0.015236675235829574
ck_02028b72f26fe855,0.011673878595851216
ck_4108b4038f762817,0.03371379140789653
ck_63356762d24aab81,0.029785314235537867
ck_5e3bc76eddbdb0a6,0.0049932631913871236
ck_7f3685aa2933b251,0.08316554706579607
ck_3b92a46daf8d00d2,0.03199380297077679
ck_f1d8a2695a575e56,0.004820523752625561
ck_0324a4812ec319c6,0.013556933069465371
ck_5c36c78b7a4d138c,0.058167108308916235
ck_9b6282e3bad50710,0.017351974781224334
ck_7373d7b04c7799bd,0.02873194218623039
ck_0b0e79d33e50cba5,0.008142228836675286
ck_f3c16d8f747db046,0.050925071376633574
ck_839ce35819bfa4fc,0.0019485617975036273
ck_275386782b1606f8,0.0039340565617273565
ck_4e9fba1ec54c3ff8,0.017045922608156693
ck_4b041217690fca2f,0.033148166477273054
ck_a59e90219939a1f0,0.007203876206573414
ck_a9c2cdc758df8510,0.04192517877804386
ck_720cd658d11ea428,0.02450652013514696
ck_fdeaa1cd085691f0,0.03362697350586053
ck_2bb1389e5e72c8f4,0.052336710515492484
ck_5de33a7a87e9aa62,0.05123674455839222
ck_f7a07283345a0dce,0.007030728881035184
ck_c375e929becde422,0.007485775503880892
ck_c84ef83489badbfd,0.049981680603989186
ck_cc3318839c4b0745,0.0065717773813038505
ck_279a1d3a3836e5cc,0.054708759192787865
ck_7977135c2ff61e92,0.010538747664762173
ck_6a1ff9d69466181c,0.9980355141926393
ck_e1ff9e31becc27ae,0.08506141219486335
ck_a13fee8cd925d0dc,0.01980264607988341
ck_b170a7db522a0d6f,0.017987378569729772
ck_8d38747058d0aeea,0.8400839197047517
ck_18116d0ac08f1996,0.6592625826575101
ck_2210f7a0d13bdbef,0.05489934747492632
ck_1af547077ba2dd03,0.09264693130607031
ck_516163fcf04d5e77,0.015425629232056813
ck_8b39d8aacfdd72b4,0.009843907151131811
ck_d39b0152116203be,0.022247993430881966
ck_ed33f8a937f9c7c8,0.011041637304781776
ck_ea1e5b5128ecba2c,0.005588794911229935
ck_8247f008a14bd1a2,0.005099325365753831
ck_3d6046a533057795,0.01120122821824203
ck_0bf2e13b9f2601ac,0.03174431222531745
ck_f4de03f44e3a5bd5,0.006660238290424378
ck_3ba3fa5387bacee8,0.0014143601030189835
ck_8f604fa70fc3c8e3,0.028448946093919326
ck_64f3bb17101b7c42,0.011950783123510798
ck_a4e6fc391b674335,0.19201443942350685
ck_79b6a86830156b5a,0.02746222793686221
ck_d74123617f22a21e,0.008316872117562069
ck_9dbe184e81c1ca8d,0.03024785891800531
ck_de2924955926d046,0.018417373834773758
ck_e556c4d36aadbe03,0.003714094080691948
ck_e37cee7b123692af,0.013081787053610305
ck_c50fed2a7c9198c0,0.021121933541473504
ck_5647030283171ed5,0.6888730096870904
ck_d4972a775aadbbc8,0.012767141161541781
ck_ce5ed372b1a2ed6b,0.01946533023298295
ck_3eb6146c262e0fc3,0.0052432630037168824
ck_53816231f3ffb48d,0.0063437130938980004
ck_afb23858a4ef42ed,0.9719947919310149
ck_3882423b449f6291,0.8686937079474488
ck_79b235d51718435d,0.03709117899686939
ck_298278a9da874437,0.01292960753045548
ck_32f632706608859e,0.015183331658701778
ck_3638bc3388dbc1bc,0.12197736704152706
ck_ac7cdb9b8da7b5dd,0.03357402525803411
ck_7d025dea5951cba7,0.011579628167541857
ck_f06d00a4f9c87d80,0.003965366596178521
ck_d9c2622cb6df380b,0.013834964959047283
ck_d4ec44760cbe03f4,0.013637969609468644
ck_c1d05ef0ec6e4be7,0.007821680082095326
ck_5abe57dfff4b735c,0.021807659506518348
ck_53cddfba570b4a3b,0.025887835142753314
ck_7c500e219af39486,0.012332740061543728
ck_3bece63711407e25,0.029386475948962612
ck_8ff1e6028e764472,0.9225087676845558
ck_8c346eeefa9ce692,0.020338772262575255
ck_d840db8cfe2ef6f1,0.004672125153200413
ck_cc6d33890d47a6cf,0.0463089350329496
ck_2ab28149b0986642,0.4482948162682086
ck_4ad5937bef176d89,0.009727912573497074
ck_645f15bbbcff3b4f,0.9726298701872849
ck_aba32acb61c1aaca,0.046875485625534744
ck_26de14b96bdad4f6,0.005932873262353009
ck_ab80466ef615e85c,0.006416042992674434
ck_ba93cb604f792915,0.026938929478269317
ck_3830c58d841e9e69,0.29128183395459245
ck_1d5d74169cf892ef,0.018958916977483344
ck_eb2323215ff70362,0.03149350055466226
ck_6775e387dace7525,0.05538928521937362
ck_0ea30eff5f361cba,0.0074096905744079206
ck_cc5a35175d381d5a,0.007527352375784311
ck_e14681aad43e1a72,0.024377554534511764
ck_3222ea25aa29bfa6,0.010024859952702515
ck_f6c42001b84a10cb,0.16207771014979724
ck_3753cc5b9d02e2fd,0.007148841720097403
ck_eaf6f7082c3db2bf,0.036307041090189805
ck_a9ffd6b3957bd41e,0.004211880504771605
ck_558a82590f65df69,0.006570244716735623
ck_7ec423cb56257516,0.044665168019822184
ck_b3867f7f494db64c,0.011249866052644643
ck_3c9a06eb07c300e4,0.003039851147125308
ck_d960af7a55b892b1,0.025625229145206
ck_3d83e0a3c1cfbf8b,0.023599959203098618
ck_34ed59bc2c9b0186,0.01135685762598543
ck_4136b00924695ab4,0.0019423199553299448
ck_c802cf8f61466027,0.007153200787531833
ck_de436e7b319be1fa,0.9829530616884434
ck_91081be0254878a5,0.01417417781209992
ck_ec2eee6a133e9a6f,0.12337992057089309
ck_81429c4910ca46cd,0.006661321959748013
ck_80ad4396e1084c68,0.03348639577514602
ck_11667f5b9fac7bc7,0.003995864245095087
ck_7367917891a63771,0.033263047861163374
ck_f908b527c4db422d,0.04610056004721933
ck_2329cc9702cdf7a0,0.04714797453162259
ck_6573c4947cc8607e,0.05317948262369551
ck_ebcb93a2990fc914,0.04739976772571595
ck_7a1782cefe26a456,0.021730231144505122
ck_ee3e7c9d3a9c74b4,0.03635416200976634
ck_720776a46e56dfa8,0.010453457695262179
ck_bc8f31f4a2ffa1ae,0.009057616588671784
ck_0cd8802264e0a1ef,0.015006460980628711
ck_c0d2c56f9c722e99,0.9814832762584748
ck_8c949bdc6e8720fa,0.10454737194677888
ck_0ada63008be5685a,0.04018594568674358
ck_a3f821bdf408c326,0.012186327644423438
ck_de13de941bebc7cf,0.0027519882478910275
ck_fc8cd8a8209e802d,0.013401199070951268
ck_181f3dae03b87136,0.02003643546391503
ck_ecaa6f13304e3dc5,0.004462730044941681
ck_e06f6fed020ae014,0.011955683702957999
ck_2c041b1efb1c5063,0.018002781652530758
ck_8abd1a50a9227463,0.0257723509761558
ck_8ef1d05cc1e53e7e,0.023690765753015208
ck_4637e54a9f79e2e7,0.005085239815121878
ck_e8bc49e6494c1f37,0.007558464477663389
ck_11f9390a11ce9ff5,0.022101961445180833
ck_15b4840922195ffd,0.0304026761730512
ck_6bcfa37c717f19f1,0.0398803986935262
ck_efb24be983342f75,0.025990726869721106
ck_5b137d74bba6b1b4,0.0016986363052522533
ck_295c0072eca7f7a2,0.018592883372552903
ck_4af7b97c24d89a45,0.022200506117079893
ck_fa0ecbcf9a33d6ce,0.003994967952978899
ck_da84a0dfe947fd3c,0.005469517982293554
ck_3e3c64b3b7876ce6,0.06584627937275771
ck_da2729307af06ed5,0.023136974750365698
ck_74d0e7c2c6b63d36,0.6589712028374246
ck_c478aae3031bb328,0.00539276700165079
ck_cf301f2194975866,0.011737055029557119
ck_086d29ccae565e5d,0.003503050993957382
ck_34a33ffe8339f66d,0.7921690260584947
ck_e57c79eaab35ded7,0.014275972278821663
ck_4940e78cbdcfecf3,0.02460580444480598
ck_578f67e69e5d2cfd,0.0036451250873793155
ck_c767fc454fa215d0,0.003566078360867044
ck_5d644224135d7c65,0.013453387877632606
ck_e78ab4ff52b5fd2d,0.011732063752035043
ck_51efdd240e34c642,0.021816162871383826
ck_c39c6a1453e2b92c,0.0014868716436754739
ck_b080ff636932d1f1,0.0017075406480567467
ck_5c8390017fabfaef,0.14273331806263606
ck_61176dafb33b2d8a,0.4968022817416716
ck_fc6fed6ea96a004a,0.012254015841035528
ck_3e2516a3e35067e0,0.00648679066273309
ck_17a95bba77217d85,0.027579976513819947
ck_1ffbce3a239bb264,0.0057248485473946195
ck_7f960541e5174565,0.0038427411916348683
ck_9b1c3742dd6fcb8b,0.02479229238424151
ck_d5458ba39ae94498,0.013687273979650718
ck_0a921a73a90c2e39,0.031193793696805458
ck_293581d879f6663b,0.9651653333330484
ck_03e904682dc73bba,0.014286527790909524
ck_4f490e379e9ded9a,0.007916463815953758
ck_9b9ce7bebc235fe8,0.005880697252582185
ck_a4a42d4bff8af645,0.008934551049026579
ck_b046067c6ca3831e,0.004113873758391637
ck_bc7ece8787ca7200,0.00833561182978127
ck_2c5bc11bb7ae5d2c,0.8807938819107259
ck_b74b9ba6d7c9aab7,0.08535393949448188
ck_91d48d69e4f5d9c2,0.00832389211809826
ck_1a71f8081ae00190,0.9431561162998485
ck_38ba64efa7c38250,0.01848843415365105
ck_1a6ddfeef82b1b1a,0.015941295769090306
ck_c4402ea6291df271,0.018408973882213853
ck_478d2667aa9896d9,0.011173942424556627
ck_c9490cb61aff5112,0.05109178263492874
ck_88f27ab479063852,0.020011465474933363
ck_b7793edca26fc512,0.01425886491973816
ck_f88028c3f306bc70,0.04619146854297479
ck_e8a6acea22b20312,0.09343063837533827
ck_c8b7f241810b45e5,0.002541381849929949
ck_2408db62e4395ccd,0.02276828212676593
ck_bcdbf57d98dc0d27,0.11339752568062321
ck_b3225a98acd04f83,0.008713802284221472
ck_35694db37f0cde7a,0.001949456239353654
ck_87d55ca333f22072,0.0016405916447921895
ck_ccc917533d4b73d4,0.011245999430132369
ck_0c5ba86f4e05b38d,0.01635584173046039
ck_8740a14d8096c6e1,0.020548780035887115
ck_17ab24fe914ae44b,0.0028889878253042195
ck_3b963d6be2773861,0.006974076838056311
ck_c183dff3781746cb,0.08426499276994397
ck_7336611650dcc088,0.0022832126393102694
ck_c817259019588d30,0.029112053705660026
ck_d39864119cdd460f,0.004664324440632123
ck_463ae759e2b6ad1d,0.0971965608112669
ck_e560f720a988d8a2,0.17520036292770808
ck_72dd0dbdf808cb00,0.027770382003616673
ck_32bb42f9bff197f8,0.03235292237725104
ck_70bef9ddd4bab005,0.006590491077655959
ck_4b15b0746318cf42,0.08600922961748686
ck_39a68c55a1bd3ace,0.10153739261664609
ck_4c76efcc1ee6762d,0.015146595926311662
ck_79f5198f0decef20,0.004155908444296025
ck_f655399ac75c4450,0.04314585613498137
ck_24b53090faf722cf,0.010837942663465444
ck_11cb98211b2ed134,0.8381025229672492
ck_3534be0f4efd313c,0.021970249329793017
ck_28d2003c2d16e4b6,0.0032302961509851937
ck_d3796aebda1cfed5,0.8933756611322902
ck_a3a0bd59729fe619,0.0075410966961934394
ck_8ddaf745bbb9cd62,0.002089587920812859
ck_fa24db9d416ab904,0.00999150468915017
ck_493b6256091014cd,0.712166873367402
ck_57a6b56b09bff24e,0.02101012757196282
ck_a2245822cfea997d,0.00467283071310658
ck_92f6ebc11ebca89b,0.05952759898234081
ck_fbf630c960194033,0.018353301953715623
ck_1c17c65804f8889e,0.010369790250227832
ck_00ff7389d6a83e29,0.1208761664889357
ck_bdd8eba728800e29,0.029692744916646082
ck_0525349f3945375b,0.024326736863750933
ck_d1b0699d26282871,0.034030046300044914
ck_a678731156ad7bd2,0.20973015657715882
ck_011551a596544f5d,0.002338428027562599
ck_0bfe62e0c7eab9c9,0.016111234782661257
ck_e5ee006ecd8ff661,0.01759100963186614
ck_e2374c7136c964fd,0.050909615994898016
ck_af528d66c86f0cb8,0.1640228880803664
ck_5448c946cc4758fe,0.011855067285741715
ck_37d3e5c681a2214d,0.09768809827690142
ck_fca478361870a4ca,0.023828371496033982
ck_fb44d15fb93a7157,0.023476936092890463
ck_0e8f26536ccc8947,0.01571981055998576
ck_6768c4b2aa8ce586,0.007538627220190109
ck_6a548da1728b5823,0.9400084740967012
ck_0e7bf10ef49aa818,0.06073842739198059
ck_f2c824d3473db24c,0.00711936907403054
ck_d9ffca35188e49d8,0.013741243604443343
ck_3db73bbe03c3d240,0.0027135139139797307
ck_899f88464305824a,0.02651091764939159
ck_148c28df51bba5e9,0.9294855429912183
ck_7955a359b6448799,0.0023273250805833597
ck_8c748aaa4a4554f9,0.027955402256803548
ck_fba15647b3a140d9,0.01096745556791174
ck_c2fc0ac460786d02,0.02872775710283931
ck_e42206e91f6a1752,0.007518364620763983
ck_8c136dc691e65695,0.0013754505051089272
ck_8c0955dad13c3ca1,0.004827566480356147
ck_6d4cd2de601a2308,0.02700731892169475
ck_76ea90ebc74bcdc7,0.016862483174282444
ck_734f06bd4aa92781,0.04907118187026693
ck_41af3729590c2484,0.010685240070618388
ck_e63256667aa19070,0.055047738365186755
ck_1b2ce474fa6582b4,0.030687766358755794
ck_c8131ddc7ed33448,0.010692314991173308
ck_33ecff7914349ebc,0.0066529102570343675
ck_36287d063350ce9d,0.01117900725144309
ck_956dd784525f5886,0.05037115723270279
ck_ba7b78d31d74c794,0.017560725658474073
ck_5bea0e0ee0b094cd,0.008715204815837574
ck_d6a4faadab58a3de,0.006376984503412876
ck_bdb966f43ac350ee,0.03734968071749478
ck_3fa559c679751b3a,0.015369519220880753
ck_7ef019ed77276496,0.002995471300007967
ck_0e6046fc30f81705,0.023655955078891275
ck_53aca610e20598bc,0.008270992850304854
ck_5275be4e1577c1c7,0.00919900157219117
ck_43948784650bb9ac,0.015738464997396086
ck_5c87eea1cc07cc92,0.022714319501893017
ck_5f445182829ef342,0.04623555838286516
ck_cc81dbc83a8879fd,0.006045535717424062
ck_68ef3e7301c621b7,0.03209313084118523
ck_e988c108754cee9c,0.00789206318895928
ck_3327a0582407068b,0.0117325611631384
ck_e1d563fab4d6116a,0.011987698633038373
ck_588f6e6a6a6d93e8,0.015825138134812382
ck_723b4afc388113c8,0.005156142736868226
ck_240f7f894c5a86e7,0.015497440962990041
ck_ab553954435e8854,0.6533367750228558
ck_78cd402a2a4f2e35,0.0024949271636208856
ck_09054e97bdf9624e,0.007617101584179404
ck_303b33910d67f306,0.006521265445039978
ck_74e9747954a46eaa,0.01926727111574881
ck_b56c62c950eda009,0.002258050401412659
ck_58f757e40a9b8877,0.01672501523268017
ck_45a16ce12893cf9b,0.032617118338632546
ck_3272c2c4a37d5220,0.8830310200795721
ck_9cb89cc3178e0172,0.026755154904302192
ck_c5d62b2b7a6f3bac,0.9320831816096329
ck_0dd417fcbf19e424,0.020230398825180854
ck_5379452a9d74efae,0.0025170802483502324
ck_344a95cb7115ec67,0.002944900151651567
ck_6f9fd15ac6b163de,0.004484434887910592
ck_173e1198c341087b,0.009156084937417427
ck_9994323f97109f4b,0.9783637769028732
ck_05f375fc8ae0afb0,0.007213430431769672
ck_d328db1e1052d820,0.04873293697504474
ck_70396398e4a96449,0.003631441881122949
ck_61b067de8ffc1ca1,0.02319636197813839
ck_87809324c2675b0a,0.019142044403017564
ck_27cdf9c5e6f0915b,0.01759769174358412
ck_5b8fc4a76f340797,0.024075019512974492
ck_a44462a3853ac67e,0.9867230370010416
ck_466a7316eaf149b1,0.0581443425292908
ck_d35c51e981b98c5c,0.009315411874282978
ck_99c0004d8b7079f8,0.010473794554045821
ck_8a8f81bf3558fd9c,0.006933847185686135
ck_b4dcebc543deaafb,0.02153025924208827
ck_7158ad9e58769ffa,0.044224626213482665
ck_3c02d4dbbf6716b6,0.012581189508380884
ck_41ef7967faf5ce82,0.0022275905461304263
ck_a7c1dabf3869772f,0.08632017766978495
ck_77d9f86dcf251739,0.009290313488067008
ck_02903c48b6cfd65d,0.004317722010358053
ck_b45e47c39d4dc7bf,0.016476600350597736
ck_e55e5bdfc0242aef,0.08190086709547185
ck_ae20e28f9854f3ee,0.06263082733392292
ck_9e65a8a2f587691a,0.010114680929160812
ck_dceabbe04d99afc2,0.00405744844390014
ck_837be8126bb19250,0.005696679846775271
ck_c05737ab74cf03c6,0.15377833765029297
ck_2cdf5fd97ba75e06,0.38324938258139934
ck_97b8e05d62abdc14,0.01819246691211348
ck_7df9910af2bba21b,0.007551426070004502
ck_850e2b59bc535490,0.022930460854107132
ck_978c21bb5fe3171e,0.03250289568749506
ck_d654449f9231ad76,0.008938417797780557
ck_e136e20c1c74fe38,0.00885882293044656
ck_2fe6cac002142f67,0.03736505994431503
ck_8432ccec1a4ec7fd,0.9626068931461983
ck_95e4bef65c36af1a,0.0029210064813560296
ck_a725d7aed2a0bdc2,0.001607839652884723
ck_9b9d9e579e7b55b2,0.0437673725892693
ck_ea4332c8fe48e2a3,0.00796492646051829
ck_9937dad93a0ed3c1,0.01107718733693662
ck_3dc4d464386f0eb2,0.07099963496985096
ck_e0e90b196bef3c11,0.005644663473988832
ck_2139062d4569aa07,0.008484852851979351
ck_8de38f8c7f91961f,0.05364109975265398
ck_bdbb4230c91e1604,0.029370976633818508
ck_f7305b3c64cf8a03,0.09469013180854026
ck_454a7e4d859a3409,0.0028540512714529537
ck_00d6730134a1eb51,0.038531396694222106
ck_dd89a282375bbab6,0.05639903993710783
ck_be2251640f27a3c9,0.08505759158096603
